respondent_id,UGorGRAD,class_level,first_choice,gender,I01_importance,I01_satisfaction,I02_importance,I02_satisfaction,I03_importance,I03_satisfaction,I04_importance,I04_satisfaction,I05_importance,I05_satisfaction,I06_importance,I06_satisfaction,I07_importance,I07_satisfaction,I08_importance,I08_satisfaction,I09_importance,I09_satisfaction,I10_importance,I10_satisfaction,I11_importance,I11_satisfaction,I12_importance,I12_satisfaction
S599478,UG,Sophomore,No,Male,6.29,5.83,5.84,4.72,4.39,3.41,5.78,5.18,5.47,4.3,5.13,4.29,6.55,5.64,5.64,4.55,5.63,5.4,5.59,4.58,5.95,4.93,6.88,4.67
S171506,GRAD,Doctoral,Yes,Female,6.0,6.07,5.01,4.78,5.81,4.11,5.05,5.23,5.82,4.9,6.01,5.4,5.88,5.48,5.54,5.43,5.01,4.09,5.14,4.58,3.88,3.61,5.22,4.71
S534058,GRAD,Masters,Yes,Female,5.81,5.31,5.93,5.22,6.56,5.71,5.18,4.17,5.69,5.94,5.4,5.75,6.14,3.85,4.53,3.26,5.29,4.29,4.56,3.34,5.88,5.05,5.79,4.54
S208989,UG,Freshman,Yes,Female,6.3,5.14,5.58,5.81,4.82,4.14,5.76,4.85,5.11,3.91,5.59,5.63,6.54,5.5,5.51,5.65,6.39,5.69,5.6,5.03,4.71,4.14,5.44,5.53
S481305,UG,Freshman,No,Nonbinary/Other,4.08,3.24,6.75,5.55,5.35,3.91,6.36,5.95,5.67,5.06,6.24,5.17,5.71,5.02,6.23,5.73,5.41,4.79,5.9,4.35,6.09,4.72,4.84,4.21
S106848,UG,Freshman,Yes,Male,6.11,4.65,6.64,5.79,5.9,5.09,5.55,5.12,4.96,4.44,5.24,4.91,5.89,5.72,6.02,4.49,5.79,4.59,6.36,5.71,6.58,6.53,7.0,6.25
S601720,UG,Senior,Yes,Male,5.31,5.33,5.42,4.4,6.45,5.65,5.56,5.09,6.53,4.52,5.54,4.31,6.19,6.43,6.07,5.59,5.05,4.09,4.35,4.08,5.14,3.26,4.99,4.75
S024860,GRAD,Masters,Yes,Female,4.6,4.01,5.61,4.48,5.43,5.38,5.46,5.6,4.89,4.14,5.92,4.84,5.27,5.18,5.47,5.53,5.9,5.69,5.02,4.09,5.54,4.51,5.83,5.44
S737605,UG,Senior,Yes,Female,6.01,5.93,5.66,4.77,5.28,4.47,5.38,5.09,5.58,5.08,4.54,3.48,5.73,4.97,5.31,4.5,5.43,4.7,5.35,4.8,5.34,5.48,4.66,4.06
S766438,GRAD,Doctoral,Yes,Male,6.52,5.74,5.43,4.75,4.52,3.4,5.88,5.84,5.07,5.58,4.27,2.76,5.78,4.46,6.46,6.1,6.33,6.4,5.7,4.79,6.44,6.2,5.46,4.98
S658502,UG,Freshman,Yes,Female,5.62,4.47,5.82,5.56,5.76,5.48,4.8,4.31,6.04,4.65,5.91,5.25,5.13,3.87,5.4,5.12,6.16,5.12,5.61,6.28,5.76,4.65,5.95,4.33
S460066,GRAD,Masters,No,Male,6.27,5.68,5.25,4.8,6.93,5.41,6.47,6.04,5.5,5.37,6.0,4.87,7.0,6.09,5.88,5.62,5.4,4.73,5.63,4.82,6.74,5.35,5.21,4.22
S162588,GRAD,Masters,Yes,Female,6.67,7.0,5.02,3.83,5.87,5.31,5.3,5.51,5.39,5.29,6.94,6.63,4.86,4.42,5.8,3.81,5.62,5.24,5.94,5.57,5.95,5.98,6.05,5.21
S450881,UG,Junior,Yes,Female,6.49,5.69,6.07,4.66,5.69,5.43,6.13,4.42,6.21,5.68,5.79,3.87,4.92,4.09,6.58,6.0,5.37,4.69,5.16,4.99,5.85,4.79,5.54,4.57
S728493,UG,Freshman,Yes,Female,6.68,5.77,6.08,5.5,5.89,4.69,4.94,3.61,5.72,4.31,6.19,4.5,6.49,6.05,6.28,6.55,4.85,4.13,6.26,5.84,5.74,6.01,6.4,5.39
S213797,UG,Sophomore,Yes,Female,6.15,5.24,5.22,4.49,5.69,5.14,6.1,5.79,6.01,4.92,5.58,4.88,6.13,4.57,4.92,3.48,5.19,4.04,5.96,5.55,6.19,5.54,6.52,5.86
S941937,UG,Sophomore,Yes,Male,5.75,4.43,6.24,5.99,5.21,4.13,6.1,5.27,5.11,4.49,5.88,4.99,5.08,4.48,4.99,3.98,5.82,4.82,5.51,4.83,4.66,3.4,5.35,4.81
S703786,UG,Junior,Yes,Female,4.74,4.57,5.32,4.03,6.19,5.64,5.93,5.02,4.86,4.0,6.7,5.32,6.06,5.41,6.05,5.73,5.9,5.27,6.66,6.64,5.75,5.33,5.75,4.96
S108284,UG,Senior,Yes,Female,5.55,4.51,5.85,4.82,5.84,5.17,5.1,3.81,5.76,5.36,4.43,3.8,6.58,6.99,5.66,5.43,5.79,4.71,6.63,5.78,5.66,5.71,5.81,4.53
S367388,UG,Freshman,Yes,Female,5.19,3.9,6.19,4.52,5.71,4.76,5.85,5.56,5.51,4.74,5.95,5.58,5.68,5.08,5.43,4.39,5.52,4.62,6.26,4.88,6.14,5.36,6.07,4.81
S680556,UG,Junior,No,Female,7.0,6.99,5.68,5.22,5.11,4.07,4.99,3.54,6.08,5.14,6.98,5.64,7.0,5.68,6.31,5.53,6.26,5.57,3.89,2.85,5.59,4.99,5.71,4.93
S338456,UG,Freshman,No,Male,5.59,4.53,5.97,5.26,6.48,6.58,5.55,4.92,5.65,4.27,5.87,4.93,4.67,4.3,5.81,5.88,5.74,4.9,6.65,5.34,5.08,3.86,5.81,4.53
S004888,UG,Sophomore,No,Male,5.77,5.13,5.39,4.37,6.1,5.76,6.32,6.09,5.82,4.44,6.69,5.7,6.12,5.59,5.73,3.94,6.12,5.3,6.18,4.73,5.7,5.25,5.55,4.75
S330164,UG,Sophomore,Yes,Male,6.03,5.37,5.58,4.56,5.37,4.2,6.18,5.12,4.73,3.78,5.32,5.04,6.4,5.3,6.17,5.68,4.64,3.68,6.9,5.59,5.05,4.74,5.77,5.05
S971588,UG,Senior,Yes,Male,5.73,4.85,5.58,4.98,6.3,5.67,5.71,4.36,6.83,6.31,5.68,5.84,6.23,6.27,5.47,4.03,3.35,2.83,6.44,4.81,4.54,4.86,6.48,6.02
S440178,GRAD,Masters,Yes,Female,6.72,6.36,5.25,5.09,5.4,5.06,5.12,3.22,5.6,4.63,5.72,5.0,5.58,4.45,6.64,5.4,5.87,5.47,6.65,6.3,6.14,5.45,6.09,5.58
S915348,UG,Sophomore,Yes,Male,5.33,4.96,5.59,4.45,5.23,5.21,6.09,5.99,6.12,5.46,4.37,3.22,5.53,5.09,5.23,5.03,4.85,3.16,6.23,5.89,6.05,5.43,6.12,4.75
S591286,UG,Junior,No,Female,5.82,4.9,4.77,3.51,5.24,4.88,5.71,4.46,5.2,4.84,5.0,4.21,5.97,5.26,6.09,4.68,5.57,4.2,6.51,5.22,5.98,5.67,6.13,5.19
S149886,UG,Freshman,Yes,Female,5.25,5.1,5.41,5.16,4.64,4.95,4.31,3.81,5.88,5.39,5.04,3.62,6.19,6.05,6.56,6.19,5.52,5.2,6.9,5.84,6.48,5.68,5.61,4.84
S263927,UG,Freshman,Yes,Male,4.91,4.75,5.53,4.15,5.98,5.33,6.17,5.08,4.92,4.18,6.19,5.85,6.06,5.17,4.87,5.11,6.65,5.67,5.83,4.74,5.3,4.09,5.89,5.91
S827161,UG,Junior,Yes,Female,5.33,4.29,5.55,4.26,4.6,4.2,5.69,5.72,5.97,4.82,6.22,6.05,6.32,4.39,5.49,5.01,5.94,5.18,4.76,3.11,4.84,4.25,5.05,4.5
S304888,UG,Senior,No,Male,5.68,5.35,5.56,4.59,4.96,4.55,6.42,6.15,5.49,4.68,5.89,5.03,5.09,3.8,6.39,5.29,5.8,4.7,5.52,4.61,5.66,4.62,6.46,5.68
S446467,UG,Freshman,Yes,Female,5.44,4.41,5.66,4.92,4.45,3.79,5.04,4.73,5.72,5.62,6.19,5.54,5.56,5.3,6.39,5.93,6.2,5.43,5.93,5.02,5.49,4.65,4.03,3.74
S981418,GRAD,Masters,Yes,Male,5.28,4.45,5.99,5.11,5.65,4.87,3.79,3.15,6.12,5.49,5.6,4.62,5.14,3.97,5.6,5.15,5.92,4.73,5.74,5.64,5.19,5.2,5.65,5.04
S837135,GRAD,Masters,Yes,Male,4.86,5.12,6.22,6.06,5.61,3.96,5.87,5.59,4.96,4.3,6.42,6.21,5.47,5.03,5.26,4.09,5.43,4.65,4.95,3.28,5.65,4.02,6.38,6.0
S589759,GRAD,Doctoral,Yes,Male,5.65,5.39,5.31,4.7,5.5,5.66,5.87,4.95,5.29,4.6,5.71,4.42,6.31,5.02,6.27,5.62,6.34,5.77,4.72,4.29,5.33,4.97,4.88,4.24
S971726,UG,Senior,Yes,Male,4.8,3.5,4.98,5.35,5.07,3.79,4.69,3.47,5.97,4.81,5.73,4.05,5.76,4.66,6.41,6.13,5.03,3.81,5.26,4.71,4.6,3.57,5.94,5.18
S298796,UG,Junior,Yes,Male,6.16,5.95,5.07,3.94,5.0,3.81,5.11,4.11,6.96,5.75,5.54,4.86,7.0,7.0,5.0,3.95,5.89,5.08,6.18,5.66,5.44,4.35,5.29,5.07
S749559,UG,Freshman,Yes,Female,5.75,5.28,5.41,5.49,5.98,5.67,7.0,5.49,5.62,5.21,6.11,4.79,5.82,5.62,4.98,4.18,4.77,4.01,6.65,6.27,5.02,4.39,5.48,4.98
S208728,UG,Junior,Yes,Female,4.83,3.89,5.49,4.04,5.37,4.57,5.52,4.61,6.05,5.66,5.45,5.28,5.74,4.56,5.84,6.4,5.82,4.97,6.25,5.91,5.84,4.84,6.27,5.53
S428245,UG,Freshman,Yes,Female,5.51,4.42,5.24,4.7,5.89,5.42,6.14,6.05,5.64,5.46,6.29,5.05,5.76,4.99,6.08,5.16,5.82,5.16,6.33,5.9,5.31,4.48,5.82,4.53
S637175,UG,Sophomore,Yes,Male,5.25,4.67,4.92,4.33,5.17,4.38,5.31,3.93,6.87,5.82,5.02,3.8,5.32,5.13,5.52,4.62,6.71,6.0,5.65,5.63,6.37,6.38,4.48,3.65
S623537,UG,Junior,Yes,Female,5.89,5.49,5.43,5.04,5.81,4.35,4.45,4.05,4.65,3.23,5.04,3.91,5.67,5.28,6.11,5.4,4.76,4.35,4.65,4.35,6.66,6.13,5.11,4.75
S598776,GRAD,Masters,No,Male,6.5,4.99,5.81,5.15,6.48,5.38,5.6,4.34,5.76,5.11,6.11,5.32,6.38,6.53,5.27,4.03,5.34,4.92,5.43,3.65,6.11,5.61,6.29,5.29
S192349,UG,Sophomore,No,Female,4.57,2.81,6.06,4.45,6.05,4.9,5.54,3.85,4.72,3.95,5.65,6.22,5.77,4.91,4.43,3.87,6.19,5.79,5.54,4.28,4.77,4.1,5.97,4.22
S581654,UG,Junior,Yes,Female,5.77,4.58,5.37,5.91,5.45,4.97,5.46,4.53,4.2,2.76,5.43,5.05,5.22,3.42,5.45,4.58,5.9,5.9,5.4,4.24,6.6,6.56,6.75,5.59
S064910,UG,Junior,Yes,Male,5.6,4.86,5.45,4.11,5.85,5.9,5.63,5.68,5.88,4.93,6.23,5.85,5.14,4.04,5.74,5.82,5.81,5.55,5.73,4.44,6.65,5.38,6.71,5.74
S722453,UG,Freshman,Yes,Female,6.1,5.81,5.14,4.27,5.56,4.96,5.86,5.62,5.78,4.87,5.34,5.12,5.43,3.63,5.53,4.63,5.13,4.51,5.96,4.35,5.71,4.21,5.49,4.43
S167753,UG,Freshman,Yes,Female,5.83,5.54,5.68,5.58,5.7,4.4,5.61,4.25,5.53,5.42,5.58,4.82,5.74,4.6,5.0,3.33,5.35,4.59,6.21,6.4,6.49,5.3,7.0,5.58
S975885,UG,Freshman,No,Female,5.25,4.09,5.19,4.83,5.5,5.37,4.94,4.13,5.64,4.4,6.54,5.85,6.42,5.0,4.61,4.21,6.45,5.68,5.53,5.25,5.37,3.83,5.71,4.28
S968979,GRAD,Masters,Yes,Male,5.51,4.7,6.04,4.61,5.6,5.53,5.99,5.35,7.0,6.86,6.62,6.44,4.9,3.31,5.39,5.17,5.67,6.25,4.56,4.36,4.58,4.15,5.12,4.24
S804447,GRAD,Masters,No,Male,5.22,3.72,4.63,4.3,5.83,4.96,4.53,3.35,5.55,5.31,6.64,6.37,5.51,4.52,6.24,5.79,5.93,4.34,5.41,4.85,5.24,4.76,5.32,3.99
S286497,GRAD,Masters,Yes,Female,6.35,5.42,5.48,5.46,5.1,5.0,4.47,3.52,6.01,5.58,5.53,5.29,5.79,5.28,6.45,5.79,5.63,4.49,5.73,5.28,6.74,6.53,4.35,4.29
S772870,GRAD,Masters,Yes,Female,5.71,5.86,5.88,4.71,5.09,4.89,6.14,5.4,5.31,5.0,6.44,5.28,4.6,3.48,6.41,6.34,4.99,4.17,6.43,6.06,4.81,3.88,6.66,6.82
S836768,UG,Freshman,No,Female,6.84,5.41,5.81,4.74,4.87,4.18,6.0,5.21,5.88,5.09,5.13,4.56,5.2,3.57,5.21,4.1,6.26,4.41,5.36,4.35,5.7,4.69,6.66,5.68
S258897,GRAD,Masters,No,Male,5.66,5.36,7.0,6.67,4.74,4.62,5.67,5.02,5.56,5.48,5.16,4.61,5.29,4.73,5.01,3.78,6.0,5.69,6.01,5.19,5.72,4.96,5.09,4.26
S173014,UG,Senior,No,Male,5.27,4.57,5.91,4.9,4.97,4.56,4.86,3.53,5.45,4.07,4.29,3.62,5.22,4.68,6.0,4.83,7.0,5.16,5.87,5.34,5.39,3.84,5.56,4.94
S340514,UG,Junior,No,Female,4.79,3.77,5.1,4.71,5.8,4.54,5.28,4.1,6.79,5.33,6.7,5.63,5.82,4.85,6.08,6.07,5.09,4.67,5.73,5.91,5.43,4.33,5.76,4.44
S086518,UG,Sophomore,Yes,Female,4.62,2.92,5.64,4.39,5.16,5.12,5.54,4.97,6.41,6.68,5.18,4.25,5.6,4.49,5.94,4.74,6.19,5.37,6.26,6.05,5.74,5.46,5.12,5.36
S799425,UG,Senior,No,Female,4.75,2.29,4.63,3.2,6.01,5.91,4.74,3.3,5.78,4.39,5.62,6.25,5.37,4.07,4.49,3.12,4.91,4.65,5.3,4.68,5.36,4.8,4.65,4.01
S744114,UG,Freshman,Yes,Male,5.86,4.86,5.65,4.69,5.72,5.34,5.26,4.62,4.32,4.02,5.15,3.94,5.96,5.97,5.18,4.06,5.79,5.09,5.35,4.78,4.85,3.81,5.57,5.12
S056745,UG,Freshman,No,Male,6.01,5.2,5.2,4.12,4.52,3.25,6.09,5.62,5.48,4.15,6.12,4.5,6.73,4.88,5.68,4.6,6.29,5.19,5.69,5.36,5.83,4.41,5.51,5.43
S282272,GRAD,Masters,Yes,Female,4.75,3.88,6.25,4.77,6.09,5.59,6.56,6.34,7.0,6.43,5.47,5.4,6.68,6.4,5.99,5.28,4.46,3.93,5.32,4.96,6.34,5.47,5.47,4.12
S162216,UG,Freshman,No,Female,6.24,4.89,5.37,4.47,6.19,5.52,5.45,5.04,5.56,4.65,4.92,4.5,4.55,3.78,6.16,4.74,5.58,4.32,6.0,5.67,6.22,4.37,5.83,5.61
S108420,UG,Sophomore,Yes,Female,5.41,4.87,5.63,5.52,5.1,4.38,6.15,5.59,6.36,5.75,5.96,5.49,6.05,5.8,5.79,4.12,5.36,4.61,5.27,4.63,5.21,3.7,6.56,6.15
S228489,UG,Junior,Yes,Male,5.79,4.19,5.32,4.39,5.95,6.12,4.55,3.23,6.57,5.26,4.84,4.52,5.59,3.54,5.9,5.67,5.28,4.84,5.84,5.67,4.95,4.03,5.52,4.36
S445251,UG,Freshman,Yes,Female,6.67,5.85,6.74,5.0,5.19,4.24,6.1,5.8,5.83,5.75,5.2,4.39,5.79,4.97,5.75,4.51,5.93,5.51,5.64,5.36,5.53,5.25,5.8,4.78
S993286,GRAD,Masters,No,Male,6.24,5.19,5.51,5.21,5.76,4.77,5.22,4.32,5.19,4.09,4.44,4.61,5.46,5.09,6.11,5.35,6.37,5.17,5.83,5.68,6.64,6.5,6.14,5.89
S226950,UG,Freshman,Yes,Male,5.54,4.51,6.8,6.28,4.94,4.45,5.88,5.51,4.24,2.99,4.85,4.7,5.77,4.64,5.89,5.25,5.62,5.25,5.42,4.8,6.09,5.58,6.03,4.99
S912082,GRAD,Masters,Yes,Female,5.17,4.35,6.19,5.38,4.62,3.52,5.55,5.08,6.11,5.15,5.81,4.44,5.79,4.81,5.74,5.91,5.82,4.77,5.5,5.33,6.12,5.15,5.33,4.59
S524750,GRAD,Doctoral,Yes,Female,4.41,3.39,5.99,5.42,5.47,5.43,6.49,6.65,5.21,3.45,4.52,4.39,5.35,4.85,5.54,5.08,5.77,4.56,5.76,4.7,6.23,4.72,5.76,3.99
S486449,UG,Sophomore,Yes,Female,5.27,4.88,5.92,5.71,5.63,4.36,5.18,4.59,5.81,5.37,4.81,3.49,5.16,4.04,5.75,5.55,5.7,5.84,5.82,4.92,5.95,5.04,6.03,5.13
S503615,UG,Sophomore,No,Male,5.57,4.95,5.94,4.48,5.46,4.48,6.08,5.27,4.95,3.57,5.7,4.62,5.43,4.94,5.99,5.32,5.05,3.58,5.7,4.83,5.77,4.29,5.02,4.19
S018922,GRAD,Masters,Yes,Male,5.11,5.06,4.54,2.78,4.99,4.56,5.53,4.66,5.54,4.99,5.37,5.68,5.84,5.49,5.86,5.81,6.37,4.73,6.72,6.52,6.1,5.62,6.46,6.29
S997809,GRAD,Masters,No,Male,5.62,4.6,5.53,4.63,5.46,4.67,5.61,4.69,5.72,4.3,6.9,5.78,6.06,6.26,5.93,5.35,5.88,4.95,5.11,4.12,5.37,4.26,6.56,6.13
S822665,GRAD,Doctoral,Yes,Male,5.75,4.76,6.21,6.06,5.86,5.32,5.59,5.59,5.86,5.27,6.8,6.26,6.21,6.27,6.51,6.11,5.94,5.04,5.66,4.72,4.85,3.84,5.27,5.08
S659432,GRAD,Masters,Yes,Female,5.57,4.74,5.67,5.85,5.67,4.46,5.19,4.05,5.03,4.63,5.18,4.81,5.4,3.9,5.86,5.21,5.22,4.1,4.76,4.08,6.13,6.52,5.82,4.53
S251206,UG,Freshman,No,Male,5.31,3.57,4.86,3.83,5.81,5.45,5.69,4.69,6.42,4.87,6.03,5.01,5.87,4.15,5.31,5.22,5.42,4.66,5.92,4.22,6.44,5.75,6.09,5.18
S256486,UG,Sophomore,No,Male,5.8,4.9,5.67,4.22,5.3,4.78,5.66,4.66,5.34,4.69,6.15,5.01,6.28,5.34,6.23,6.05,5.59,4.6,5.03,3.9,5.03,3.65,5.37,4.19
S307247,UG,Freshman,Yes,Female,5.97,4.93,6.72,5.78,6.4,5.18,5.84,5.15,4.7,4.7,5.34,4.29,6.4,4.87,4.88,4.0,4.78,4.74,5.53,4.38,6.19,5.36,5.99,4.53
S785367,GRAD,Masters,Yes,Nonbinary/Other,5.05,4.99,6.45,5.85,4.99,4.69,5.75,5.41,5.63,5.29,4.8,3.61,5.66,5.14,5.05,4.85,4.69,4.02,5.48,4.81,6.71,6.71,5.8,6.38
S326804,UG,Freshman,No,Male,6.55,5.84,5.66,5.06,5.99,4.64,6.18,5.17,5.72,4.51,5.69,4.59,5.57,4.79,5.9,4.46,5.34,4.19,5.87,4.63,5.7,6.01,4.82,3.28
S909622,UG,Freshman,Yes,Male,5.64,4.59,6.27,6.12,6.41,4.86,6.25,5.32,5.8,4.4,5.6,5.58,5.81,5.09,6.01,5.2,6.01,5.06,5.37,5.07,5.21,4.69,5.98,5.25
S163278,UG,Senior,No,Male,5.71,4.39,5.48,4.16,5.99,5.29,5.07,5.04,6.52,5.56,5.44,4.78,5.01,4.17,4.95,3.75,5.31,3.88,5.34,4.67,5.77,4.91,5.04,3.92
S807838,UG,Sophomore,No,Male,6.12,5.37,4.68,3.32,5.58,4.34,6.22,5.59,5.56,4.0,5.97,3.59,5.58,4.79,5.47,3.86,5.09,4.58,6.56,5.49,5.37,4.91,6.26,5.78
S115208,UG,Freshman,No,Male,5.84,4.98,5.15,5.02,5.38,5.06,4.99,4.22,5.63,5.41,5.25,3.99,6.15,4.68,5.34,4.59,5.21,4.58,5.87,4.8,5.33,4.36,5.3,4.77
S360639,GRAD,Doctoral,Yes,Female,6.27,6.43,6.64,5.24,6.32,5.34,6.05,5.32,5.04,4.66,5.01,3.22,6.09,5.41,5.41,5.1,5.43,3.88,5.36,4.51,5.96,5.11,5.6,4.76
S918352,UG,Senior,No,Female,5.87,5.15,5.54,4.35,4.85,3.85,6.07,4.58,6.19,5.44,5.77,4.17,5.54,4.28,6.27,4.93,5.49,4.66,5.55,4.1,4.74,3.5,6.52,4.43
S534973,GRAD,Masters,Yes,Male,5.33,4.29,5.55,4.25,5.12,4.28,4.55,4.34,5.81,5.27,5.93,5.21,5.83,4.71,6.12,5.27,7.0,6.3,6.69,6.8,4.83,5.41,6.0,4.9
S822290,UG,Sophomore,Yes,Female,5.92,4.93,5.52,5.49,5.46,5.08,5.76,5.3,5.45,4.71,4.99,4.14,5.21,4.31,5.69,5.08,6.33,5.67,5.56,5.35,5.71,5.67,5.05,3.72
S977124,UG,Senior,Yes,Female,5.01,4.06,6.84,6.83,6.44,6.57,5.42,4.98,4.56,3.51,6.26,5.58,6.12,5.91,5.37,3.98,6.31,6.03,5.29,4.47,5.69,5.14,5.09,4.49
S091017,GRAD,Masters,Yes,Female,5.77,5.14,6.68,6.15,5.93,5.08,5.24,5.05,6.57,6.19,4.64,4.91,5.65,5.73,4.89,4.4,6.4,4.99,5.29,5.05,5.91,5.02,5.34,5.04
S182013,GRAD,Masters,No,Female,5.68,4.88,7.0,5.95,5.12,5.35,6.51,5.88,4.96,4.09,5.35,4.54,5.53,4.66,6.55,5.74,5.1,4.56,5.37,2.88,6.83,5.78,5.94,5.53
S844484,UG,Junior,No,Male,5.58,5.01,5.6,3.81,5.51,4.77,5.31,4.02,5.35,4.47,5.55,4.04,5.48,4.67,6.06,5.14,4.97,4.63,5.34,4.19,5.76,4.63,5.91,5.26
S910907,GRAD,Masters,No,Male,5.62,4.47,5.88,4.72,5.33,4.06,5.22,4.94,5.92,5.58,5.32,4.82,5.66,4.82,5.28,4.94,5.04,4.46,4.93,4.17,6.06,5.45,5.19,5.42
S474073,UG,Sophomore,Yes,Female,4.57,3.66,4.79,4.21,5.27,4.48,5.75,4.83,4.98,4.34,5.36,4.45,5.43,4.74,6.13,5.39,6.5,6.8,5.03,4.58,5.11,4.58,5.0,4.66
S419414,UG,Sophomore,Yes,Female,5.37,4.42,6.59,6.4,6.29,4.61,6.11,6.26,4.8,4.18,6.82,5.7,6.09,4.1,5.66,4.26,5.37,5.0,5.2,4.74,6.16,5.82,5.87,5.45
S818047,UG,Sophomore,Yes,Female,5.76,5.32,5.0,3.68,4.88,3.66,5.62,5.2,4.43,3.81,5.19,4.94,5.46,5.43,5.53,4.61,4.95,4.73,6.05,5.34,5.38,4.3,5.59,4.98
S707429,UG,Sophomore,No,Male,5.8,5.97,5.83,5.41,6.67,6.09,6.4,5.66,6.13,5.22,7.0,6.33,6.66,6.75,5.96,5.05,5.44,4.23,5.47,4.52,5.74,5.3,6.99,6.03
S688004,UG,Junior,Yes,Male,5.08,3.83,5.04,3.53,6.2,5.48,6.02,4.48,5.37,4.64,5.96,5.77,6.58,5.71,5.26,4.64,5.56,5.19,5.58,5.1,5.63,4.51,5.72,4.84
S451734,UG,Junior,No,Female,6.46,5.8,5.35,4.59,6.35,5.48,4.39,3.63,7.0,6.32,5.76,5.27,5.17,4.45,5.49,4.43,5.86,4.52,6.46,5.7,6.32,5.32,6.79,5.9
S663225,UG,Sophomore,Yes,Male,5.18,4.91,5.2,3.7,5.42,5.51,5.38,5.78,5.1,3.77,5.99,5.93,5.74,4.88,5.77,4.7,5.85,4.45,6.48,5.1,4.91,4.24,5.0,4.59
S313768,UG,Senior,Yes,Male,6.28,5.23,5.34,4.3,5.61,5.38,5.36,5.66,5.15,5.03,7.0,6.75,5.31,4.32,5.4,4.4,5.2,4.11,5.53,4.14,4.33,3.96,4.76,5.04
S229917,UG,Freshman,No,Male,5.96,5.25,5.38,4.55,4.84,4.22,5.99,5.07,5.36,4.82,5.1,3.49,5.5,3.96,6.1,5.37,6.11,5.32,5.32,4.3,5.57,5.35,5.03,4.42
S355337,GRAD,Masters,Yes,Male,5.31,4.18,5.37,5.03,5.39,5.8,4.13,3.22,5.85,3.86,5.03,4.89,6.9,7.0,6.82,6.06,5.32,4.65,5.18,5.25,5.98,5.7,6.41,6.3
S379259,UG,Senior,No,Female,6.77,5.56,6.2,5.47,6.0,5.07,7.0,5.91,5.42,5.04,5.25,4.28,5.52,4.89,5.25,4.11,5.61,5.47,6.12,4.95,5.79,5.06,6.75,5.62
S505045,UG,Freshman,No,Male,4.98,3.74,5.04,3.92,6.48,5.7,6.02,5.03,6.07,5.84,5.72,5.07,5.92,4.8,4.7,4.3,6.11,5.28,5.58,3.9,6.44,6.72,5.23,3.88
S994116,GRAD,Masters,Yes,Female,6.25,6.33,5.83,5.19,5.04,5.27,5.79,4.61,5.11,4.15,4.66,3.48,6.02,5.04,4.5,3.81,5.31,5.15,5.47,4.18,5.96,5.46,5.42,4.35
S128267,UG,Sophomore,Yes,Male,6.3,4.99,6.43,6.03,5.48,4.58,6.41,5.98,4.87,5.21,5.71,4.36,5.1,3.3,5.61,5.99,5.36,4.31,5.21,4.14,5.36,4.2,5.0,3.92
S676079,UG,Junior,Yes,Male,5.3,4.47,5.39,4.77,5.61,4.55,7.0,5.85,4.62,4.04,6.72,5.58,5.19,4.01,5.3,4.36,6.06,4.07,5.24,3.83,4.3,3.32,4.61,3.98
S034352,UG,Freshman,No,Male,6.54,5.82,5.27,4.33,4.86,3.85,6.22,6.14,4.37,2.39,5.79,4.74,4.98,4.1,5.82,4.59,5.19,4.04,5.89,4.97,5.56,4.91,6.13,5.49
S670531,UG,Freshman,Yes,Male,5.55,4.78,5.56,5.93,6.05,5.52,6.27,6.02,5.39,5.46,5.52,4.94,5.17,4.91,5.78,4.71,5.47,5.76,4.91,3.9,6.32,5.59,5.83,5.51
S496027,GRAD,Masters,Yes,Female,5.87,6.16,6.41,5.58,5.27,4.37,5.78,6.08,5.52,5.91,5.33,5.33,3.99,3.67,4.74,4.34,6.03,5.61,6.3,6.04,5.46,5.14,5.71,5.86
S137275,GRAD,Masters,Yes,Male,5.86,5.05,5.82,5.71,5.58,4.64,5.62,5.15,5.32,5.47,6.24,4.67,6.03,5.72,4.61,3.86,6.93,6.27,5.38,4.63,5.72,5.04,4.86,3.76
S391211,UG,Junior,No,Nonbinary/Other,5.62,5.23,5.38,5.06,5.43,4.38,5.41,4.54,6.45,5.1,5.2,4.68,6.93,5.7,5.88,4.27,6.06,5.12,5.61,4.05,5.95,4.28,6.68,5.87
S917350,GRAD,Masters,Yes,Male,6.19,6.26,5.99,6.23,5.23,5.04,5.2,4.55,6.44,5.27,6.81,5.88,5.79,5.06,5.78,4.47,5.98,5.75,4.9,4.59,5.09,4.01,5.4,5.42
S144843,GRAD,Masters,No,Female,6.18,6.14,5.04,5.14,5.7,4.76,5.29,4.46,5.5,4.96,6.86,5.53,4.85,4.71,5.44,4.66,6.02,5.1,5.69,5.32,6.07,5.01,6.02,5.63
S431556,UG,Freshman,No,Female,4.65,3.19,6.11,5.89,5.57,4.07,4.89,4.45,4.62,3.38,5.85,5.23,5.31,4.63,4.71,3.74,5.06,4.78,5.5,4.55,6.68,6.03,4.83,4.36
S330530,GRAD,Doctoral,Yes,Female,6.48,6.2,5.95,5.7,5.48,5.18,5.65,5.15,5.36,4.06,5.69,4.57,5.42,4.39,5.98,4.83,5.77,5.64,5.67,5.18,5.6,4.62,5.59,4.96
S709705,UG,Sophomore,Yes,Male,4.7,3.24,5.52,3.84,5.26,3.51,4.69,4.74,5.34,3.75,6.32,5.24,5.09,4.21,6.46,6.51,5.68,4.66,6.58,5.56,5.02,5.17,5.87,4.64
S412540,GRAD,Masters,No,Male,6.32,5.79,5.2,4.66,5.89,5.35,5.81,4.33,5.31,4.63,6.36,4.69,6.22,5.13,5.87,5.23,5.89,5.6,5.81,5.23,5.66,4.99,5.9,5.27
S726700,GRAD,Masters,Yes,Female,6.38,6.63,5.17,4.48,6.69,6.08,5.68,5.23,5.28,5.83,5.22,4.85,6.19,5.39,5.19,3.92,5.77,4.9,5.22,3.76,4.37,3.47,5.79,6.32
S844175,UG,Junior,No,Female,5.05,4.7,6.02,4.92,5.78,5.22,5.79,5.13,5.31,4.82,5.38,5.13,5.01,3.29,5.73,4.34,5.93,5.71,5.27,5.02,5.9,4.63,6.0,5.19
S012992,UG,Junior,Yes,Male,5.45,4.14,6.44,5.67,6.3,5.49,5.39,3.89,5.47,4.98,4.91,4.46,6.14,5.32,4.88,4.0,5.51,3.93,6.06,4.73,5.97,4.94,5.02,4.4
S473210,UG,Sophomore,Yes,Male,5.04,4.41,5.32,4.66,4.87,5.04,7.0,6.92,5.32,4.75,5.95,5.14,6.62,6.11,6.33,6.39,5.74,5.42,6.48,6.16,6.71,5.86,5.82,5.23
S092841,UG,Senior,No,Male,5.57,4.95,5.98,5.67,5.79,5.17,6.52,6.18,5.82,5.02,6.1,5.17,6.84,6.4,5.75,4.87,4.96,4.18,5.87,5.87,5.58,4.78,5.77,5.18
S009470,GRAD,Masters,Yes,Male,5.52,4.84,4.45,3.12,5.04,4.99,4.95,4.9,5.92,4.76,4.89,4.49,7.0,6.28,4.64,4.33,5.51,4.74,6.11,5.39,5.95,5.08,5.84,5.13
S901422,GRAD,Masters,Yes,Female,6.17,5.32,5.35,3.85,4.81,4.15,5.84,5.27,5.15,3.92,5.43,5.78,5.16,5.78,5.52,4.75,6.53,6.22,6.07,5.59,5.18,5.06,5.74,5.11
S016102,UG,Sophomore,Yes,Female,6.49,5.23,5.68,5.82,5.26,4.06,5.34,4.42,6.46,5.85,4.89,3.96,7.0,6.39,5.98,5.68,5.89,5.12,6.55,6.41,5.49,5.21,4.94,4.25
S239237,UG,Sophomore,Yes,Male,6.54,5.11,5.15,4.97,6.42,5.39,5.09,4.02,5.11,3.86,5.16,3.47,5.49,4.89,5.5,5.31,5.69,4.7,4.53,4.67,4.78,4.05,4.91,4.0
S154933,UG,Sophomore,Yes,Male,5.36,4.84,5.14,4.58,6.27,6.76,4.9,2.91,4.73,3.85,6.03,5.1,5.34,5.33,5.53,5.87,6.84,5.66,6.1,5.4,5.58,4.8,4.37,3.89
S632572,UG,Sophomore,Yes,Male,5.57,5.54,5.3,5.08,5.85,4.12,5.96,6.38,5.93,5.2,5.26,4.26,5.9,5.66,4.97,3.65,4.88,3.79,6.29,5.1,5.52,5.73,6.19,5.73
S782304,UG,Sophomore,No,Male,4.69,4.0,5.88,4.72,4.78,3.73,5.29,4.09,5.21,3.86,5.52,4.33,5.35,4.05,6.04,5.34,5.03,4.22,4.9,3.7,5.88,4.75,6.2,4.61
S068846,UG,Junior,Yes,Male,5.22,4.39,5.59,5.25,5.58,5.27,6.28,5.86,5.89,5.16,4.72,3.83,5.94,5.12,5.31,4.53,6.73,6.1,5.17,4.44,5.33,4.24,6.21,5.23
S422420,GRAD,Doctoral,No,Female,6.28,5.96,4.36,2.47,5.88,5.0,6.3,5.79,4.26,2.43,5.81,4.55,4.91,4.06,4.41,3.61,5.73,3.75,5.19,4.15,5.75,4.99,5.88,4.67
S911505,UG,Junior,Yes,Female,6.67,6.45,4.43,3.13,5.81,5.02,6.52,6.13,6.54,6.55,5.67,4.78,5.56,4.7,5.48,5.31,5.55,4.38,5.26,4.58,5.5,3.61,4.42,3.11
S360792,UG,Junior,No,Female,4.96,3.89,5.34,4.33,4.59,4.03,5.19,4.74,6.1,5.46,5.26,4.52,6.47,5.53,6.29,6.02,4.98,4.54,5.41,5.23,5.5,4.94,5.08,3.92
S153554,GRAD,Masters,Yes,Female,5.34,4.77,5.97,4.86,5.17,4.47,5.99,4.54,4.8,4.26,5.59,5.38,5.67,4.44,5.47,5.37,5.97,5.32,5.85,5.96,5.75,5.33,5.8,4.74
S531897,UG,Senior,No,Male,5.68,4.77,4.05,2.6,5.66,5.07,6.08,4.76,4.81,3.69,5.81,5.03,5.78,4.82,6.74,6.2,6.03,5.29,6.22,5.42,5.72,5.02,5.78,5.67
S651838,GRAD,Masters,Yes,Nonbinary/Other,5.87,5.65,5.4,5.08,6.02,5.62,5.42,4.8,6.7,5.47,5.21,4.45,5.99,6.11,5.96,5.17,5.04,4.51,6.35,5.83,6.16,5.59,5.57,4.86
S458120,GRAD,Masters,Yes,Female,5.21,4.73,5.38,5.19,4.38,4.13,5.24,3.96,5.26,4.67,4.81,4.37,6.4,4.99,5.9,5.7,5.62,5.63,5.2,4.17,5.63,5.19,5.92,5.41
S795645,UG,Freshman,Yes,Female,5.95,5.72,6.53,5.79,5.6,5.62,6.67,6.72,5.2,5.21,6.78,5.93,4.71,3.82,5.62,4.05,5.5,5.0,5.19,4.11,5.49,5.49,5.71,4.17
S339523,UG,Senior,Yes,Male,5.42,4.27,5.47,4.34,5.79,5.01,5.84,5.8,4.34,3.22,5.32,4.4,6.05,5.65,5.66,4.45,5.85,4.25,6.49,5.49,5.59,5.16,5.77,4.61
S009080,UG,Junior,Yes,Female,5.69,4.47,5.93,5.16,6.21,5.22,6.08,6.47,5.49,4.41,5.64,4.53,5.54,5.47,5.54,4.44,5.03,4.04,6.09,5.53,5.27,4.62,5.32,4.93
S143442,UG,Senior,Yes,Male,6.03,6.25,5.78,5.87,6.12,5.16,5.21,4.86,5.56,5.83,6.31,4.97,5.8,4.9,5.52,4.88,6.45,7.0,5.75,5.74,5.48,4.17,6.29,5.4
S941267,UG,Sophomore,No,Male,5.7,5.27,4.42,3.92,6.05,4.74,4.97,3.99,6.13,5.23,7.0,6.06,6.34,5.49,6.02,4.36,6.25,4.74,5.98,4.88,6.92,4.92,5.44,4.46
S310908,UG,Junior,Yes,Male,5.44,5.49,6.16,5.5,5.22,4.36,5.36,4.61,4.86,4.96,4.95,4.91,4.98,3.5,5.14,4.55,5.48,4.24,5.68,4.72,5.15,3.78,4.9,3.97
S297189,UG,Sophomore,Yes,Female,5.63,5.26,5.83,5.17,4.56,4.12,5.63,4.85,4.79,4.42,5.97,5.44,5.09,4.57,5.05,4.37,5.57,5.05,6.01,6.51,5.53,5.22,5.24,5.05
S301260,UG,Junior,Yes,Female,5.65,4.99,6.0,4.32,5.46,4.34,5.06,5.07,5.97,5.72,5.28,4.55,4.54,4.26,5.03,4.24,5.62,4.56,5.5,5.22,5.47,5.12,5.49,4.61
S614850,UG,Freshman,No,Male,5.48,5.3,7.0,6.79,6.3,6.08,5.69,4.39,6.3,5.0,5.38,5.39,5.37,4.02,6.93,5.68,5.23,4.76,5.86,5.31,5.55,4.73,6.3,5.51
S989093,GRAD,Masters,Yes,Male,5.54,5.41,4.45,3.6,6.54,6.39,4.69,3.97,4.76,4.1,5.27,3.97,6.5,5.44,6.02,5.1,5.43,5.07,4.79,4.13,5.5,4.01,5.67,4.93
S604052,UG,Freshman,Yes,Female,6.66,6.46,6.73,5.29,6.13,5.91,5.03,3.96,6.35,6.29,5.02,4.25,5.63,4.84,5.88,5.42,5.54,4.09,5.29,4.99,5.87,5.25,5.59,5.25
S240030,UG,Senior,Yes,Male,6.04,5.23,5.53,3.69,5.96,4.72,6.1,6.35,5.72,4.58,5.68,4.78,4.9,3.86,5.07,4.63,6.67,6.1,5.29,4.61,4.67,4.64,4.95,4.54
S700894,UG,Sophomore,No,Female,5.52,4.59,5.87,5.17,5.93,4.56,6.06,5.01,6.36,6.17,4.82,3.23,5.41,4.53,6.07,4.85,6.27,6.3,5.48,4.68,6.32,5.67,6.17,4.68
S504093,GRAD,Masters,No,Male,6.12,5.68,5.67,4.63,5.37,4.32,5.46,5.26,5.66,4.69,6.27,5.78,4.81,3.89,5.63,4.47,6.26,5.49,5.14,4.42,6.08,4.9,5.31,5.03
S979958,UG,Freshman,Yes,Female,5.5,4.71,5.45,4.46,5.62,4.39,5.09,4.59,4.19,3.89,5.73,4.75,5.02,3.74,5.83,5.33,5.92,5.26,5.38,5.04,4.95,3.91,5.64,5.43
S132365,UG,Sophomore,No,Male,6.4,5.78,5.36,4.36,6.7,6.24,5.08,3.92,5.61,4.89,5.95,5.11,5.93,4.72,5.11,5.01,5.03,3.53,4.79,4.21,4.34,3.54,6.59,5.71
S453708,GRAD,Masters,No,Female,5.92,5.26,5.9,5.15,5.13,4.16,5.48,4.63,6.34,5.28,5.42,4.71,5.0,4.28,5.8,5.1,5.68,4.87,6.03,5.77,5.11,3.97,6.01,5.59
S563113,UG,Senior,Yes,Female,5.64,4.1,4.79,3.87,6.67,6.03,6.09,5.81,5.16,4.2,5.48,5.17,6.37,4.99,5.45,4.43,6.28,5.79,5.65,4.76,5.55,5.99,4.72,4.47
S146649,GRAD,Masters,No,Female,5.97,4.5,6.15,6.62,5.51,4.28,6.26,5.45,5.47,4.0,5.87,4.24,5.66,6.04,5.24,3.54,4.95,3.62,4.68,3.59,7.0,6.15,4.64,3.79
S115007,UG,Senior,Yes,Female,4.76,4.71,5.45,4.41,6.5,5.85,5.4,5.47,5.59,4.94,5.0,4.49,5.75,4.03,6.14,6.04,6.08,5.32,5.2,4.88,6.03,4.9,5.66,5.71
S183576,UG,Freshman,Yes,Male,5.02,3.91,5.02,4.26,4.86,4.35,5.01,3.73,3.96,3.11,5.49,4.44,5.53,5.69,4.78,4.29,7.0,6.68,5.9,4.44,4.62,4.33,4.97,4.78
S085555,UG,Sophomore,Yes,Nonbinary/Other,4.98,3.88,5.43,4.84,6.05,5.08,5.86,5.26,6.7,6.22,5.18,5.42,6.16,5.78,6.04,5.53,6.34,5.06,5.37,4.83,5.29,5.0,6.09,4.36
S722560,UG,Sophomore,Yes,Female,5.79,5.66,6.45,4.73,5.26,4.12,5.21,3.95,5.16,4.37,5.17,3.88,6.17,5.49,6.11,4.73,6.55,5.75,5.28,3.82,5.67,5.9,5.73,4.8
S320134,UG,Freshman,Yes,Female,6.74,5.63,5.38,5.02,4.85,4.49,5.39,4.95,6.0,5.08,4.43,3.21,5.9,5.27,5.17,4.49,5.83,5.13,5.66,5.28,5.85,4.36,5.8,5.47
S692970,GRAD,Masters,No,Male,7.0,5.43,5.92,5.32,5.83,5.06,6.5,5.96,5.65,4.9,6.5,5.65,6.04,4.74,5.21,4.86,6.28,5.39,5.91,6.12,4.91,4.47,5.28,4.27
S182124,UG,Freshman,Yes,Male,6.08,5.94,5.26,3.57,6.31,6.13,6.2,5.88,6.45,6.66,5.29,4.7,5.57,5.4,5.57,4.59,5.27,5.1,4.84,3.94,5.62,4.8,6.74,5.76
S620764,UG,Sophomore,Yes,Male,6.0,5.76,6.15,5.87,5.19,5.74,5.79,4.66,5.94,5.08,6.4,5.5,6.03,5.19,5.87,5.37,6.18,5.74,6.03,5.21,5.27,4.27,7.0,5.8
S443583,UG,Junior,Yes,Female,4.62,3.41,6.11,5.69,4.8,4.0,4.94,4.59,5.56,4.68,6.34,4.5,5.5,5.09,5.61,5.52,6.09,5.39,5.22,4.5,5.04,3.58,5.53,4.9
S978335,UG,Junior,No,Female,5.37,4.34,6.81,5.98,5.64,4.44,5.83,4.6,5.16,4.6,4.93,4.91,5.7,4.65,5.96,5.51,5.87,5.07,5.69,5.11,5.86,5.03,5.91,4.52
S829458,UG,Senior,Yes,Male,5.23,4.25,5.59,4.47,5.65,4.82,6.34,5.83,6.18,6.12,5.05,3.96,5.54,4.87,6.76,5.19,6.49,5.15,5.68,5.0,6.16,5.73,5.76,6.08
S024185,UG,Junior,Yes,Female,5.33,4.46,6.1,5.3,6.03,6.3,5.47,5.76,4.58,3.14,7.0,6.76,5.43,4.68,5.4,4.5,5.38,4.57,5.38,4.94,6.2,5.42,5.54,5.37
S300062,UG,Junior,Yes,Male,5.6,4.7,5.76,5.71,6.27,5.75,6.51,6.1,6.09,5.14,6.75,6.06,5.29,4.86,4.67,3.92,5.59,4.46,5.09,4.54,6.04,4.7,5.2,4.42
S367436,UG,Junior,Yes,Female,5.42,5.38,6.48,6.04,5.66,6.07,6.48,6.37,5.04,4.46,5.68,5.11,5.98,5.54,6.2,5.62,5.76,5.05,5.53,4.41,5.4,4.79,5.05,4.18
S399083,UG,Freshman,No,Male,4.51,3.09,5.27,4.67,6.81,5.23,6.7,5.78,6.45,6.12,5.85,5.17,6.49,5.44,6.71,5.66,5.08,3.65,6.68,5.68,6.13,5.71,5.02,4.57
S951370,UG,Junior,No,Female,6.15,4.66,6.15,5.29,5.83,5.48,5.88,5.58,5.8,5.31,5.32,4.43,6.4,5.03,5.94,4.9,5.84,4.74,4.88,3.68,5.89,5.76,5.94,4.91
S131134,UG,Junior,Yes,Male,5.06,4.47,5.58,4.67,5.49,4.16,6.05,4.89,6.09,4.74,5.96,5.83,4.95,4.55,5.05,4.2,4.67,3.96,6.72,6.13,5.78,5.69,5.39,5.0
S957060,UG,Senior,No,Female,5.84,4.97,5.66,4.55,4.73,3.36,6.55,5.69,5.75,4.78,5.27,3.86,6.47,6.01,5.63,4.67,6.33,5.43,5.54,4.82,5.33,4.0,4.15,3.39
S982516,GRAD,Masters,Yes,Male,6.94,7.0,5.76,6.04,5.54,5.39,5.97,5.46,4.65,4.32,4.48,4.78,5.51,4.6,5.03,3.99,5.73,5.61,5.72,5.7,5.4,4.96,5.97,4.85
S919211,UG,Junior,No,Female,5.15,3.99,5.85,4.42,5.5,5.16,5.4,4.17,5.18,4.03,4.91,3.74,6.06,5.18,6.09,5.17,5.39,4.23,5.05,4.33,5.74,5.15,5.68,4.32
S531180,UG,Sophomore,Yes,Male,4.18,3.2,5.63,4.8,6.28,5.4,5.43,4.25,6.1,5.81,5.71,5.18,5.16,4.04,4.89,4.68,5.2,4.52,5.24,6.2,7.0,6.66,6.51,6.31
S260337,UG,Senior,Yes,Male,5.53,4.86,5.83,4.44,5.98,5.7,5.84,5.15,5.8,4.35,5.02,4.91,5.79,5.54,5.52,5.13,5.56,5.11,5.4,4.99,5.88,5.14,5.92,5.75
S997459,GRAD,Doctoral,Yes,Male,6.36,5.2,6.65,5.82,4.99,4.34,4.93,4.71,6.41,5.13,5.66,4.96,5.89,6.18,5.1,5.49,6.11,4.96,5.07,4.51,5.33,4.85,4.81,4.42
S823446,GRAD,Masters,No,Male,6.88,6.24,6.29,4.94,5.8,5.24,5.61,5.7,5.94,5.38,5.06,5.03,4.81,4.28,5.78,3.96,6.03,5.85,5.57,4.49,5.2,4.54,4.36,3.58
S469215,UG,Senior,Yes,Male,4.96,3.98,6.22,5.29,6.1,6.29,6.36,6.0,5.12,4.73,5.23,4.51,6.06,5.75,5.48,4.35,5.28,4.79,5.46,4.89,5.4,4.03,5.27,4.9
S103035,UG,Senior,Yes,Male,6.0,5.81,5.43,4.05,6.62,7.0,4.39,3.99,5.22,5.83,6.21,6.22,6.51,5.85,5.81,5.52,5.19,3.98,6.81,5.94,7.0,5.53,5.32,4.1
S783438,GRAD,Masters,Yes,Female,5.42,4.83,5.17,4.31,6.23,5.52,6.62,5.97,5.76,5.9,5.85,5.02,5.6,5.31,5.71,5.25,6.09,5.34,5.0,5.49,5.46,5.67,6.27,5.49
S372299,UG,Freshman,No,Male,5.64,4.82,6.27,5.42,6.16,5.54,6.37,5.65,4.31,4.08,5.69,5.26,6.52,5.25,5.11,4.53,5.27,4.39,5.76,4.89,6.24,5.18,5.69,4.59
S560118,UG,Junior,Yes,Female,7.0,6.19,6.23,4.39,5.74,5.31,5.42,4.38,6.7,5.94,6.23,5.75,5.59,5.03,6.08,4.6,5.74,4.91,5.85,5.99,5.47,5.16,6.38,6.31
S307854,UG,Senior,No,Female,4.8,4.08,6.58,5.24,5.93,4.69,6.03,5.43,5.97,5.23,5.99,4.94,6.21,5.23,5.67,5.48,5.77,4.78,5.06,4.76,5.86,5.08,4.91,3.42
S029569,UG,Junior,No,Female,5.85,5.02,5.34,4.15,6.45,4.96,5.7,4.83,6.44,6.21,6.57,6.05,4.37,3.39,5.11,4.15,5.89,5.75,6.11,5.31,6.18,5.12,6.28,6.79
S348915,GRAD,Masters,Yes,Female,5.98,4.97,5.56,5.6,4.9,4.44,6.44,5.25,4.75,4.29,5.42,4.85,7.0,6.3,7.0,6.45,6.21,5.79,5.46,4.22,5.36,4.86,6.13,5.12
S553785,GRAD,Masters,No,Male,6.35,5.77,4.72,4.56,5.49,4.86,6.29,5.32,6.45,5.39,5.44,5.4,6.6,5.81,5.99,4.77,4.94,3.33,4.2,3.22,5.32,4.4,4.49,3.22
S067132,UG,Senior,Yes,Male,5.76,5.86,5.46,4.62,5.24,4.29,4.86,4.19,7.0,6.04,4.92,3.9,5.53,4.57,5.61,4.96,4.55,4.18,6.1,5.39,6.7,5.66,6.49,6.01
S015813,UG,Sophomore,No,Male,5.88,4.11,6.3,5.33,5.93,5.71,6.05,5.45,4.91,4.96,5.44,3.66,4.52,4.01,6.55,6.53,5.36,4.62,5.03,4.14,6.29,5.24,5.76,4.22
S401317,UG,Freshman,Yes,Female,5.47,4.07,5.42,5.03,6.44,5.63,5.58,5.19,6.16,5.53,6.28,4.18,5.87,4.47,6.81,6.23,6.78,6.35,5.07,4.73,6.17,5.8,5.94,5.27
S070470,GRAD,Masters,No,Female,5.86,5.71,6.08,5.21,5.34,4.27,5.75,5.38,5.7,5.59,6.48,5.63,4.83,4.15,5.61,5.3,6.91,6.16,6.11,5.58,6.17,5.69,5.18,4.35
S082523,GRAD,Doctoral,No,Female,5.49,4.35,5.59,3.99,4.27,3.13,5.26,4.73,4.77,3.52,6.28,5.08,5.97,5.82,5.91,5.07,6.8,6.29,5.49,4.48,5.98,5.9,6.47,5.5
S692649,GRAD,Doctoral,No,Female,6.07,5.52,5.89,4.75,5.45,5.62,6.75,5.57,6.0,4.8,4.62,4.71,5.95,5.05,5.11,3.59,5.58,4.54,6.25,6.14,6.91,6.54,4.99,2.6
S833311,GRAD,Masters,No,Female,5.48,4.55,5.01,4.78,6.25,5.83,6.32,5.63,6.2,5.85,6.35,4.8,5.14,4.76,5.61,5.68,4.63,3.73,6.43,5.33,5.73,3.95,6.2,4.73
S794224,UG,Freshman,Yes,Female,5.93,5.08,5.75,5.11,6.02,5.76,5.26,5.23,5.34,5.02,4.6,3.51,6.37,5.34,5.58,5.28,4.29,3.21,5.31,4.81,6.05,5.74,6.19,5.14
S158832,UG,Sophomore,Yes,Female,5.68,5.1,3.91,3.61,5.96,5.21,4.9,3.32,6.4,5.93,6.24,5.78,6.18,4.38,5.81,5.39,5.33,5.16,6.18,5.06,4.83,4.73,5.12,4.87
S418466,UG,Senior,No,Male,6.38,5.87,5.59,4.88,5.53,4.39,5.47,4.41,4.7,4.93,5.48,3.96,6.29,5.78,5.9,5.19,5.58,4.85,5.25,3.87,5.21,4.15,6.89,5.92
S243261,GRAD,Doctoral,Yes,Male,5.67,5.41,4.72,4.33,4.93,3.58,5.96,6.06,4.8,4.04,6.12,5.65,5.71,4.94,6.04,5.07,6.48,5.99,7.0,7.0,4.98,4.43,5.84,5.65
S566236,UG,Freshman,Yes,Nonbinary/Other,4.64,4.39,6.42,5.96,6.01,5.56,5.84,5.37,5.78,5.22,4.9,4.43,4.85,5.03,5.84,5.23,6.22,5.29,5.28,4.88,6.46,5.86,6.09,4.98
S711318,UG,Sophomore,No,Male,6.46,5.97,6.17,5.89,5.2,4.55,6.45,5.5,5.72,4.33,6.4,5.27,6.29,5.16,4.97,3.87,5.84,5.33,6.32,5.84,4.17,2.56,4.78,3.81
S741619,UG,Freshman,No,Male,5.16,4.29,5.98,5.14,7.0,5.53,6.17,4.42,5.27,4.92,4.82,4.45,5.54,5.08,5.14,4.55,5.17,3.81,6.21,6.21,5.46,4.28,6.97,6.63
S392316,UG,Sophomore,No,Female,5.31,4.77,6.61,5.99,6.04,4.99,6.28,5.94,6.19,5.6,5.3,3.89,4.87,4.28,5.37,4.36,5.12,3.63,5.89,5.51,3.9,3.27,4.97,4.02
S985824,UG,Freshman,Yes,Male,5.34,4.3,5.13,5.9,5.35,4.02,5.9,4.71,6.02,6.07,5.1,4.93,6.51,6.36,5.53,4.44,5.85,5.65,5.3,3.38,5.2,4.71,6.31,6.04
S542852,UG,Freshman,No,Male,6.52,4.88,6.75,4.82,5.33,4.29,4.87,3.27,6.21,5.82,4.65,4.27,6.96,5.69,6.33,5.8,6.12,5.46,5.61,4.4,5.41,4.76,5.1,4.13
S077870,UG,Freshman,Yes,Female,4.42,4.01,6.26,5.01,5.64,5.52,5.58,5.2,5.63,5.52,5.76,5.51,5.68,4.47,5.0,3.91,5.94,5.5,4.41,2.75,6.53,5.39,5.33,5.06
S303488,UG,Senior,No,Female,7.0,5.98,5.56,4.85,5.56,5.32,6.34,5.57,6.06,4.66,6.78,5.5,7.0,6.08,5.49,4.56,5.08,2.86,5.83,4.52,5.94,5.19,6.17,5.26
S526805,UG,Sophomore,Yes,Male,6.33,5.38,6.38,5.67,6.37,6.45,5.67,5.49,5.43,5.08,7.0,6.61,5.75,5.49,6.27,5.05,6.09,5.61,5.91,5.58,5.2,5.4,6.32,5.24
S228205,UG,Sophomore,No,Female,5.83,4.7,5.04,4.72,5.81,4.58,6.0,5.2,6.93,5.97,5.76,5.53,5.47,3.78,5.52,4.72,5.96,4.22,5.78,5.07,6.34,5.46,4.94,4.06
S584569,GRAD,Masters,No,Male,5.67,4.83,5.21,3.56,5.26,3.87,5.51,4.73,5.21,4.6,6.37,5.87,5.32,4.9,5.98,4.99,5.06,4.89,3.92,2.82,5.71,5.68,6.35,5.75
S769001,UG,Freshman,Yes,Male,5.87,4.8,5.33,3.69,6.83,5.21,5.08,4.05,6.96,6.9,5.84,5.16,6.68,7.0,5.62,4.94,5.23,5.02,4.94,4.02,5.72,3.93,6.33,5.53
S197531,UG,Sophomore,No,Female,6.01,4.87,5.38,4.4,5.73,4.41,5.63,4.18,5.72,4.91,6.0,5.69,5.23,4.1,5.85,5.0,6.11,5.56,5.25,4.64,4.98,4.56,5.14,3.89
S490137,GRAD,Masters,Yes,Female,6.09,6.11,5.07,3.95,6.16,4.98,5.89,5.66,4.87,3.98,5.49,5.47,6.14,6.09,5.56,4.83,5.56,5.38,5.87,6.03,5.11,4.59,6.66,6.61
S998335,UG,Freshman,No,Female,6.03,4.7,6.43,5.45,5.34,4.73,5.31,5.39,6.52,6.22,5.82,3.86,5.36,3.97,6.1,4.93,6.65,5.89,5.87,3.33,5.2,4.18,4.83,3.8
S099004,GRAD,Masters,No,Female,5.75,4.51,5.54,5.41,5.92,5.7,5.56,4.77,5.78,4.57,6.02,5.65,5.42,4.81,4.77,4.6,6.0,5.56,5.6,4.87,5.73,5.07,5.33,3.87
S394319,UG,Freshman,Yes,Female,5.58,5.26,5.91,5.42,5.89,4.76,5.14,4.29,6.21,5.94,5.35,4.81,6.32,5.32,5.48,4.07,5.41,5.12,6.08,5.54,5.75,5.19,5.99,5.0
S263198,UG,Sophomore,No,Male,5.61,4.69,5.36,4.39,4.57,3.46,6.37,5.35,6.43,5.78,5.65,4.94,5.47,3.87,5.88,5.91,5.69,4.21,5.08,4.13,6.63,5.52,5.19,4.26
S643273,UG,Freshman,No,Female,5.58,4.34,4.61,3.93,6.91,5.96,5.52,4.79,5.9,4.74,5.66,4.98,5.46,5.16,6.02,5.46,5.74,4.23,6.07,5.29,5.93,4.27,5.86,4.64
S326913,UG,Junior,Yes,Female,6.38,5.78,5.86,5.27,6.47,5.58,6.57,5.81,5.34,4.98,6.2,5.19,6.38,5.96,6.6,5.94,5.26,4.09,5.98,5.22,4.08,2.99,5.84,4.92
S444123,UG,Freshman,Yes,Female,6.06,4.82,4.55,3.9,5.46,4.6,6.62,5.16,6.29,5.57,5.06,3.89,6.66,6.0,5.47,4.56,5.15,4.19,5.93,4.58,5.86,4.42,5.59,4.51
S809846,UG,Sophomore,No,Male,3.94,1.85,5.66,4.8,5.04,3.5,5.65,4.56,5.7,4.96,5.67,4.92,6.09,4.42,6.59,4.9,6.12,5.17,5.59,4.75,4.83,4.45,6.2,6.31
S431357,GRAD,Masters,No,Female,6.09,5.69,4.88,4.05,5.91,4.46,5.09,4.48,6.11,5.25,6.85,6.67,5.31,4.84,5.3,5.43,6.21,5.66,6.8,6.58,5.12,4.16,5.56,5.54
S238426,UG,Senior,No,Female,5.82,5.61,6.89,6.52,5.75,4.58,4.45,3.8,4.41,4.7,6.4,4.86,5.39,4.79,6.5,5.85,6.06,5.64,6.0,5.18,5.21,4.24,5.84,4.44
S569910,GRAD,Masters,No,Male,5.69,4.74,6.25,5.81,5.91,4.69,4.82,4.1,5.97,6.08,6.51,5.76,5.75,4.71,6.19,6.45,6.61,5.63,5.12,4.55,5.3,4.33,6.39,6.34
S329636,UG,Junior,Yes,Male,5.47,4.41,5.76,5.71,5.81,4.86,4.88,3.36,5.32,4.31,5.71,4.15,5.89,5.48,5.15,4.44,5.37,5.26,5.85,4.44,4.87,3.49,6.17,5.27
S182962,GRAD,Masters,No,Female,6.37,5.69,6.46,5.17,6.0,5.43,6.53,5.82,6.69,5.37,5.89,6.22,5.11,4.23,5.88,4.95,6.7,6.4,6.15,4.77,5.82,5.13,6.17,5.55
S679972,UG,Senior,Yes,Male,6.27,4.84,5.19,5.55,6.57,5.49,5.77,5.08,6.07,5.83,6.3,5.5,6.13,6.21,5.67,4.17,5.16,3.88,5.35,4.59,4.85,4.36,5.01,4.81
S959480,UG,Freshman,Yes,Female,5.24,5.21,6.03,4.75,6.04,6.04,5.93,5.47,5.84,5.27,6.64,4.98,5.75,3.94,6.08,5.32,5.09,3.44,6.35,6.29,5.91,4.95,6.01,5.14
S513866,UG,Freshman,Yes,Female,5.94,4.9,5.82,4.43,5.07,3.84,4.37,3.12,5.99,5.14,4.53,4.01,4.67,4.64,5.57,4.34,4.64,3.75,5.93,5.84,7.0,7.0,5.17,4.37
S988558,UG,Sophomore,Yes,Female,5.12,4.72,5.86,5.31,6.52,6.41,4.98,3.3,5.1,4.05,4.91,4.32,5.14,4.6,5.52,4.52,5.43,4.18,4.29,3.59,4.9,4.32,4.93,3.18
S414050,GRAD,Masters,Yes,Female,4.87,3.41,6.46,7.0,6.68,5.94,6.23,5.41,6.67,7.0,6.49,5.74,5.4,4.81,6.52,6.14,5.4,4.92,5.88,5.11,5.53,5.0,5.66,5.37
S202693,UG,Freshman,Yes,Male,5.32,3.63,6.14,5.62,7.0,6.72,5.87,5.13,6.89,6.64,5.53,5.11,5.66,4.0,5.64,5.65,6.02,5.98,5.46,4.94,4.19,3.95,5.16,3.74
S241715,UG,Senior,No,Female,6.22,5.7,5.87,5.01,5.03,3.85,5.61,4.69,5.94,5.2,5.3,4.55,6.83,6.6,6.2,5.16,5.85,4.64,6.02,5.36,5.52,4.09,6.17,5.1
S854451,UG,Freshman,Yes,Female,6.27,5.85,4.71,4.51,5.85,5.16,6.04,6.53,6.65,5.6,4.95,4.42,5.84,4.15,5.56,5.61,4.98,4.0,6.27,5.86,6.09,5.92,6.19,5.82
S314819,UG,Junior,Yes,Male,6.01,4.88,5.12,4.68,4.45,4.55,6.68,5.61,5.36,3.41,5.37,4.98,5.2,4.12,6.7,5.35,5.46,4.73,5.82,5.13,6.13,5.5,4.56,3.46
S437281,GRAD,Doctoral,Yes,Male,6.14,5.73,5.63,4.26,6.03,5.22,5.57,4.9,5.22,4.74,4.86,3.64,5.83,5.02,5.29,4.77,5.48,5.0,6.7,7.0,5.75,5.0,5.2,4.32
S439699,GRAD,Masters,Yes,Female,6.01,5.43,5.76,4.82,5.37,5.06,5.74,4.93,5.72,5.83,6.95,6.12,5.49,5.38,5.33,4.13,4.63,3.55,5.59,5.54,6.23,4.96,4.82,4.21
S620839,GRAD,Masters,Yes,Male,5.32,4.7,5.02,4.88,6.85,5.81,5.82,5.57,5.96,5.16,5.69,4.96,5.89,5.01,6.61,6.25,5.11,5.0,6.07,5.79,7.0,6.41,5.42,4.69
S238318,UG,Junior,Yes,Female,5.96,6.22,7.0,7.0,5.24,4.53,7.0,6.49,5.46,4.1,5.67,4.56,6.05,5.71,5.43,4.6,5.24,4.92,6.18,4.88,6.73,5.56,5.97,5.57
S981589,UG,Junior,Yes,Male,6.18,5.49,6.61,6.07,4.69,3.79,4.44,3.95,6.02,5.27,6.05,5.49,6.43,5.09,6.66,5.86,6.56,6.36,5.64,5.35,5.39,4.34,5.55,5.27
S288330,GRAD,Masters,No,Male,6.15,5.7,6.06,5.37,5.42,5.1,6.11,4.8,5.88,5.54,6.28,5.86,5.69,5.37,6.24,5.46,5.81,4.97,6.17,5.28,4.83,3.97,5.35,4.17
S434735,UG,Sophomore,Yes,Male,6.41,5.96,5.74,4.8,4.51,4.11,5.63,5.12,5.1,3.92,6.27,5.87,6.68,6.04,5.61,5.12,6.1,5.94,5.34,4.53,5.46,5.3,6.48,5.89
S814317,GRAD,Masters,Yes,Female,6.12,4.8,5.57,5.24,6.15,5.78,6.04,4.4,6.01,5.08,6.34,5.74,6.24,5.92,4.61,3.82,4.8,4.54,5.45,4.2,5.13,5.25,4.32,3.76
S312966,GRAD,Doctoral,Yes,Female,5.91,5.94,5.13,4.27,4.46,3.43,5.31,4.49,6.22,6.13,5.32,5.25,5.28,5.17,5.69,5.55,6.42,6.17,4.91,3.68,5.97,5.32,6.44,5.7
S439968,GRAD,Masters,No,Female,6.34,5.14,5.75,3.98,5.72,4.08,5.67,5.51,5.8,4.81,5.52,4.97,7.0,5.83,5.76,5.57,6.48,5.81,5.84,5.07,4.99,4.46,5.37,4.44
S534801,UG,Junior,Yes,Female,5.68,5.12,5.85,4.75,4.45,4.16,6.13,5.49,6.39,5.19,6.16,5.72,5.9,4.93,6.4,5.08,4.5,4.54,5.9,5.43,5.66,4.5,5.65,5.67
S831209,UG,Sophomore,Yes,Female,5.17,4.61,4.95,4.28,5.51,4.27,7.0,6.63,4.97,3.68,5.38,3.62,5.2,3.89,6.65,5.59,5.28,4.53,6.41,6.04,6.2,5.13,5.38,4.04
S643985,GRAD,Doctoral,Yes,Male,5.6,4.61,5.9,5.39,6.69,7.0,6.18,6.68,5.98,5.41,5.7,6.48,6.69,6.98,5.29,4.66,6.0,4.77,6.17,5.7,5.64,5.13,6.63,5.97
S061884,UG,Sophomore,Yes,Female,5.25,4.38,5.61,5.09,5.92,5.81,5.19,3.69,5.0,4.48,5.94,5.33,6.95,5.71,6.18,4.65,6.09,5.32,5.53,5.05,5.13,5.01,4.96,4.36
S143170,UG,Freshman,Yes,Female,5.29,4.31,4.56,3.26,5.18,4.96,5.45,4.39,5.03,3.72,6.17,4.61,5.68,3.73,6.16,5.59,5.29,3.82,4.99,4.02,6.4,5.45,5.71,4.79
S323795,UG,Sophomore,Yes,Male,5.61,4.43,5.18,4.8,5.68,5.66,5.43,4.46,5.32,5.23,4.63,3.87,5.4,4.92,6.34,4.98,5.52,4.15,5.96,5.05,4.57,4.38,6.02,5.2
S053380,GRAD,Masters,Yes,Female,5.22,4.79,5.45,4.83,5.71,5.9,4.62,3.94,5.13,4.32,6.13,5.15,5.6,4.05,6.0,5.31,5.34,4.35,6.37,5.47,5.5,5.28,4.73,3.75
S591243,UG,Junior,Yes,Male,5.52,5.12,6.83,6.11,5.98,5.08,5.5,5.49,5.37,5.36,5.56,4.81,6.13,5.56,4.53,4.35,5.77,5.03,6.15,4.82,5.68,5.46,5.15,4.18
S605550,UG,Senior,Yes,Female,4.56,4.41,6.03,5.58,4.88,4.29,6.14,5.68,5.57,4.34,6.12,5.76,6.47,6.45,5.61,3.98,6.42,5.71,6.35,4.72,5.71,5.08,5.61,4.55
S606071,UG,Junior,No,Female,5.83,5.34,4.9,4.68,6.06,4.97,4.94,3.61,6.2,5.43,6.17,6.39,6.04,5.3,5.01,3.61,5.24,3.96,5.57,4.61,5.81,4.32,5.17,3.59
S905017,UG,Junior,No,Female,5.7,3.33,5.99,4.93,4.08,2.83,6.33,5.95,5.51,3.97,6.66,5.66,5.76,4.34,5.58,4.74,6.3,5.6,5.42,3.97,6.07,5.17,5.21,3.87
S497258,GRAD,Doctoral,No,Female,5.21,3.79,4.77,4.0,5.32,4.39,5.99,6.46,4.75,3.7,6.51,6.1,6.6,6.22,6.29,5.12,5.23,5.37,5.26,4.63,5.68,5.1,5.49,4.77
S257422,UG,Junior,No,Male,6.1,5.87,6.35,5.2,5.41,4.18,5.26,4.47,6.38,6.1,6.51,6.01,5.51,4.91,5.88,5.18,5.19,4.05,5.67,4.17,5.48,5.34,6.09,5.75
S388360,UG,Junior,Yes,Female,6.26,6.22,5.42,4.98,6.08,5.41,5.62,4.99,5.2,3.79,6.57,6.12,6.32,5.32,6.39,5.27,6.19,6.06,5.65,4.42,5.46,4.48,5.49,3.96
S547744,GRAD,Masters,Yes,Male,4.74,3.89,5.64,4.43,5.71,5.71,6.66,5.99,5.66,4.29,5.87,4.4,5.53,4.93,5.91,6.5,6.25,6.13,5.82,4.72,5.33,5.12,6.35,5.87
S451279,GRAD,Doctoral,Yes,Female,5.24,4.37,6.5,6.33,4.86,3.73,6.14,5.18,5.97,4.93,5.72,3.92,5.96,5.07,4.92,4.83,6.21,5.61,5.62,4.98,6.17,5.51,5.1,4.74
S121222,UG,Junior,Yes,Female,5.24,4.26,4.93,3.37,5.11,4.7,5.71,4.69,5.82,5.5,6.22,5.42,5.63,4.81,4.19,3.0,4.91,4.26,5.62,5.25,5.31,4.79,4.95,5.12
S067096,GRAD,Masters,No,Male,5.14,4.46,4.86,4.94,5.82,5.49,5.56,4.63,6.36,5.71,6.14,5.57,5.67,4.63,5.79,5.11,5.42,5.33,5.23,5.13,6.21,4.99,6.86,5.89
S692423,UG,Freshman,Yes,Female,6.2,5.56,5.35,4.43,5.65,5.04,5.75,4.45,5.99,5.21,5.51,5.4,5.47,4.99,5.57,4.77,6.19,5.41,6.26,5.58,5.71,5.09,5.31,4.53
S952088,UG,Sophomore,No,Male,5.58,4.52,6.32,5.19,5.35,4.91,5.39,5.25,5.18,4.64,5.94,4.81,6.51,5.49,5.11,4.89,5.72,4.34,5.75,4.08,5.39,4.52,4.91,4.77
S007702,GRAD,Masters,Yes,Male,5.54,4.9,4.79,4.59,5.41,5.02,4.44,3.58,7.0,5.55,5.68,4.19,5.26,5.12,4.68,3.16,5.06,5.02,5.6,5.15,6.07,5.23,4.65,3.83
S342998,GRAD,Masters,No,Male,4.5,4.81,4.0,2.99,6.12,5.15,6.93,5.81,5.82,4.94,5.19,4.51,5.26,3.81,5.26,3.86,5.97,4.54,5.25,4.06,5.26,3.41,6.35,5.79
S437565,GRAD,Doctoral,Yes,Male,6.08,5.6,5.43,4.19,5.39,4.62,5.79,5.81,5.61,6.36,6.47,7.0,6.97,6.69,5.58,5.08,5.27,5.45,4.9,3.88,6.08,5.04,5.5,3.55
S474924,GRAD,Doctoral,Yes,Female,4.96,4.78,6.03,6.54,5.65,5.5,5.94,6.09,6.28,5.51,5.73,4.8,6.29,5.12,6.1,5.7,6.78,5.12,6.48,6.03,5.83,5.27,5.55,5.23
S309933,UG,Junior,Yes,Female,5.74,4.95,6.42,5.47,7.0,6.54,5.67,5.34,5.85,5.32,6.93,5.74,4.27,3.69,5.81,4.6,6.63,6.13,6.03,4.67,5.34,4.64,5.6,5.12
S267306,UG,Senior,Yes,Female,5.87,3.67,5.42,5.97,4.85,3.61,5.26,4.89,5.94,5.28,4.72,4.82,5.36,4.56,6.66,4.97,6.06,5.29,4.73,5.48,6.02,5.58,6.31,6.05
S796050,GRAD,Doctoral,Yes,Male,6.52,5.73,5.45,5.34,4.59,3.74,5.59,4.61,7.0,6.58,5.37,4.68,4.61,4.26,5.08,4.0,6.52,6.86,6.16,6.17,6.03,5.9,5.59,4.35
S699334,UG,Junior,Yes,Nonbinary/Other,4.91,4.37,6.39,4.88,6.17,4.43,4.74,4.35,5.53,4.43,5.72,4.79,5.13,4.94,6.23,4.44,5.74,5.07,6.25,6.01,6.39,5.97,7.0,6.49
S844549,GRAD,Masters,No,Female,3.89,2.63,4.58,4.07,5.29,3.9,7.0,6.63,5.51,4.15,6.38,5.62,3.82,3.89,5.73,5.39,6.16,5.25,5.77,5.38,6.28,5.87,5.78,5.34
S588652,GRAD,Doctoral,Yes,Male,5.81,4.97,5.47,5.45,5.51,4.34,4.96,4.67,5.77,5.03,5.94,5.74,5.62,5.55,6.12,5.93,6.59,6.03,6.66,5.89,5.99,5.07,6.34,5.38
S475611,GRAD,Masters,Yes,Female,6.78,5.97,5.81,5.31,5.23,5.33,5.08,3.92,6.34,5.91,5.89,4.78,5.01,4.58,5.44,5.43,5.85,5.53,5.83,5.09,5.02,4.96,6.18,6.27
S918022,UG,Junior,Yes,Male,6.44,5.44,5.97,4.24,5.54,4.46,5.44,4.73,4.8,4.12,5.02,4.53,5.74,4.93,6.34,5.42,5.55,5.32,4.85,3.95,7.0,5.63,5.68,4.67
S559749,UG,Freshman,No,Female,5.83,3.9,5.39,5.41,6.66,5.79,6.47,5.66,4.52,3.61,5.01,4.85,4.72,3.32,5.88,4.89,4.68,3.21,5.92,4.72,4.86,3.58,5.35,3.56
S795289,UG,Freshman,Yes,Nonbinary/Other,5.41,5.27,5.72,5.55,6.18,5.76,5.71,5.06,5.35,5.05,5.89,6.22,5.75,5.27,5.29,4.67,5.65,4.93,5.85,5.62,6.27,5.56,5.9,4.92
S027791,UG,Junior,Yes,Male,6.18,5.25,4.21,2.76,6.22,5.43,4.96,3.61,4.72,3.73,4.88,3.55,5.45,5.19,5.69,4.59,6.19,4.72,5.34,5.25,5.96,5.26,6.01,4.99
S005088,UG,Sophomore,Yes,Female,5.12,4.88,5.31,3.68,4.85,3.68,6.45,6.13,5.45,4.52,5.38,4.37,6.6,6.62,5.56,4.24,6.27,5.83,6.04,5.15,5.0,4.57,5.36,4.22
S978525,UG,Sophomore,Yes,Female,5.99,5.01,5.97,5.32,5.01,4.06,6.14,4.78,6.0,4.53,6.0,5.26,6.55,5.61,5.99,6.06,6.0,5.52,4.7,4.31,5.63,4.79,5.8,4.24
S010014,UG,Sophomore,No,Female,6.0,5.56,5.11,4.83,4.0,3.54,6.02,5.02,5.17,3.64,5.11,4.43,6.17,4.58,4.99,4.39,5.38,4.07,6.29,6.18,5.65,4.21,6.44,4.94
S553544,UG,Senior,Yes,Female,6.34,5.84,5.74,3.99,5.21,4.14,6.13,5.51,4.84,4.49,6.66,6.23,5.5,4.17,5.68,4.57,4.51,4.63,5.17,3.99,6.48,6.13,6.94,6.02
S518302,UG,Freshman,Yes,Female,7.0,6.45,5.97,4.47,6.27,5.89,7.0,5.05,5.74,4.63,6.43,6.27,6.89,5.84,5.94,5.47,5.4,5.31,5.11,3.71,5.27,5.34,6.21,5.06
S826665,UG,Freshman,No,Male,5.94,4.55,5.49,4.25,6.01,5.0,7.0,6.63,6.22,5.79,4.76,4.07,4.77,3.55,5.72,5.22,5.52,4.07,5.63,3.95,5.54,4.29,6.82,6.36
S815375,UG,Freshman,Yes,Male,5.39,4.24,5.8,5.51,5.57,5.02,5.29,4.76,4.68,3.64,5.14,5.5,4.86,3.31,6.51,5.3,5.51,5.4,5.96,5.17,4.3,3.44,5.32,4.23
S458933,GRAD,Masters,Yes,Male,5.68,5.71,5.12,4.55,5.69,5.2,6.67,6.69,6.19,5.85,4.33,4.1,5.65,4.88,6.16,6.21,6.07,6.38,5.8,4.89,6.74,6.7,6.12,6.02
S137433,UG,Freshman,Yes,Female,4.64,3.91,5.58,4.96,5.29,4.2,5.93,4.75,6.19,6.0,5.23,4.69,7.0,5.98,5.7,5.15,6.89,5.26,5.25,3.87,5.06,4.72,6.5,5.99
S100795,UG,Senior,No,Male,5.28,4.74,6.07,5.0,5.82,5.44,6.0,4.25,6.27,5.23,6.16,4.95,5.58,4.84,5.83,4.77,5.77,5.57,5.4,4.82,5.9,5.43,5.16,5.8
S926442,UG,Sophomore,Yes,Male,5.45,5.38,5.79,4.37,6.16,4.49,4.68,3.15,6.43,7.0,5.45,4.77,5.59,5.57,5.88,5.46,5.57,4.78,5.02,3.76,5.64,5.3,5.41,4.51
S519298,GRAD,Masters,No,Female,5.39,4.69,5.35,4.11,4.73,4.84,5.6,4.19,7.0,7.0,5.98,4.78,4.83,4.38,5.94,4.75,5.54,4.71,5.57,4.63,5.64,5.0,6.74,6.26
S736584,UG,Freshman,Yes,Male,5.79,5.25,5.83,5.67,5.88,5.48,5.21,4.61,5.49,4.88,4.79,3.41,6.27,5.57,4.6,4.19,5.77,6.48,6.35,5.19,6.19,5.62,5.11,3.86
S809018,UG,Freshman,Yes,Male,5.21,3.29,6.13,4.74,6.26,5.37,6.2,5.68,5.77,5.02,6.18,4.95,6.27,5.54,5.52,4.11,5.2,4.64,5.7,4.9,6.7,6.33,4.9,4.0
S433754,UG,Sophomore,Yes,Female,6.37,5.46,4.47,3.61,5.45,4.46,6.34,6.48,5.45,4.93,5.37,4.43,6.17,4.51,4.81,4.17,5.77,4.85,6.22,4.87,5.85,5.53,6.62,5.35
S176590,UG,Junior,No,Female,5.7,5.49,6.4,5.15,6.12,5.27,4.46,2.54,5.7,5.59,5.71,4.8,5.32,4.38,6.47,5.23,5.97,4.89,6.57,5.56,6.09,5.31,6.42,6.06
S111135,UG,Senior,Yes,Female,5.69,5.28,5.5,4.06,7.0,6.33,5.69,4.75,6.62,6.33,5.64,5.43,5.28,3.99,5.66,4.59,5.83,4.67,5.35,5.39,5.9,5.11,5.96,4.74
S726945,UG,Junior,No,Female,5.5,4.09,5.96,5.61,5.64,4.53,6.37,5.72,4.89,3.8,4.94,3.67,4.92,4.24,5.58,5.0,5.97,5.27,5.59,3.96,6.31,5.57,5.67,3.72
S820764,UG,Sophomore,No,Male,5.79,3.85,6.42,5.54,5.94,5.15,5.59,4.02,5.18,3.99,5.01,3.27,5.75,5.01,6.24,6.36,5.96,4.7,7.0,6.57,5.42,3.94,5.44,4.15
S504916,GRAD,Doctoral,Yes,Male,6.2,6.39,4.88,4.54,5.26,3.96,6.14,6.02,6.53,5.93,6.28,5.51,5.05,5.12,5.95,5.17,4.64,4.38,6.57,5.34,6.35,5.49,5.87,4.87
S347354,GRAD,Masters,Yes,Male,5.18,5.52,5.27,5.46,5.81,4.79,5.91,5.11,6.31,5.13,5.94,4.38,4.99,4.76,5.02,4.39,6.08,6.19,4.7,4.14,6.37,6.56,6.65,5.96
S206872,UG,Senior,Yes,Female,5.31,3.67,5.53,4.65,5.98,4.84,5.9,5.29,5.48,4.58,6.33,6.39,5.45,4.48,5.66,4.68,5.3,5.25,5.93,4.64,6.35,5.39,5.84,5.41
S327987,UG,Senior,Yes,Female,5.52,4.62,5.23,3.27,5.82,5.6,5.54,4.52,6.21,5.89,5.89,5.77,5.41,4.7,5.5,4.91,5.04,5.07,5.7,4.43,5.3,4.3,7.0,5.92
S838757,GRAD,Masters,No,Male,4.89,4.53,6.74,6.86,5.09,4.33,4.97,4.2,5.9,5.24,5.79,4.56,5.38,4.11,4.65,4.07,5.04,3.73,6.2,5.18,5.6,5.02,5.16,5.11
S859237,UG,Senior,No,Male,5.21,4.04,5.19,4.3,5.82,5.07,5.03,4.85,6.6,6.4,4.66,3.63,5.98,4.99,5.29,3.38,5.96,5.82,5.25,4.1,5.84,5.69,5.69,5.0
S897897,UG,Junior,Yes,Female,5.41,6.03,5.37,4.35,6.58,6.38,6.13,5.39,5.74,5.1,5.54,4.18,5.75,5.22,5.59,5.63,5.57,4.73,5.2,4.28,4.88,4.17,5.48,5.66
S460176,UG,Sophomore,Yes,Female,6.22,5.52,5.82,5.06,5.97,5.09,5.71,4.49,6.32,5.06,5.68,4.99,5.53,3.75,5.63,4.56,4.69,4.12,5.29,5.6,6.66,5.96,5.05,4.7
S960609,UG,Freshman,No,Male,5.86,4.79,4.98,4.14,6.28,5.65,5.62,4.73,7.0,5.76,6.87,6.41,5.81,4.96,4.81,4.2,5.99,5.14,5.36,4.4,5.69,5.35,5.61,4.39
S170305,GRAD,Masters,Yes,Female,5.82,4.75,5.46,5.51,5.56,4.63,5.45,4.46,6.06,4.76,6.11,5.62,5.11,3.92,6.39,5.96,4.84,3.55,6.19,6.15,5.87,6.0,5.95,5.1
S573680,GRAD,Masters,No,Female,6.21,5.92,5.89,4.97,6.15,5.89,5.52,5.24,5.73,5.08,6.62,6.59,5.76,5.16,5.64,5.0,5.78,5.2,4.99,4.11,5.35,4.6,6.01,5.19
S511330,UG,Senior,Yes,Male,5.62,4.87,5.5,5.18,5.87,4.31,6.33,5.64,6.13,4.76,6.06,5.92,5.79,4.74,5.72,5.42,5.84,4.84,5.33,5.2,4.9,4.32,7.0,6.21
S567372,UG,Sophomore,No,Female,5.93,5.5,5.64,5.84,5.13,4.68,5.5,4.91,5.48,4.68,5.27,3.89,4.8,3.43,5.94,4.75,6.23,5.31,4.63,4.32,5.34,4.65,5.98,6.02
S073825,UG,Senior,Yes,Female,5.64,4.81,5.38,4.09,5.89,5.08,4.9,3.82,7.0,5.56,5.77,4.63,6.3,5.49,5.23,3.83,6.77,6.15,6.3,4.8,5.83,5.17,6.39,5.88
S433924,UG,Sophomore,Yes,Female,5.86,5.61,4.79,3.61,5.1,4.01,6.15,5.43,5.81,5.12,5.84,4.96,5.17,5.65,5.97,5.04,4.88,3.03,6.46,5.23,6.1,5.96,5.74,5.38
S875695,UG,Junior,Yes,Female,5.35,4.85,5.89,5.17,5.32,4.91,5.58,4.53,5.54,4.48,5.14,5.3,5.75,5.05,5.48,4.73,5.67,5.69,5.5,4.81,5.8,5.31,6.71,6.34
S423681,UG,Senior,Yes,Male,4.24,4.03,6.75,5.94,5.81,4.69,5.72,4.47,5.2,3.76,5.47,4.95,6.4,5.08,5.16,4.96,5.53,4.19,5.52,4.73,5.91,4.94,7.0,6.0
S989954,GRAD,Masters,Yes,Female,5.62,4.69,5.71,4.57,5.88,5.89,6.66,5.72,6.36,5.86,5.58,5.59,6.26,5.39,6.04,5.19,5.96,5.03,5.97,5.5,5.5,5.07,6.02,5.85
S239114,UG,Freshman,No,Female,6.55,5.22,5.84,4.82,4.99,3.36,5.69,4.65,6.22,5.21,6.66,5.18,5.72,4.6,6.6,4.62,5.83,5.17,6.58,5.4,6.0,5.93,5.1,4.51
S155765,UG,Sophomore,No,Male,6.26,5.47,6.12,4.76,6.33,5.43,5.87,5.47,5.4,3.86,4.45,3.84,5.48,5.44,6.13,5.43,5.49,3.77,5.95,5.38,6.59,5.93,5.37,5.51
S228877,GRAD,Doctoral,Yes,Male,6.28,5.66,4.94,4.49,6.04,5.74,4.99,4.39,6.05,5.51,6.42,6.37,6.27,6.03,6.25,5.84,5.44,5.76,5.28,4.18,6.12,6.06,5.87,5.42
S051719,GRAD,Masters,Yes,Male,6.44,6.57,6.72,5.47,5.28,4.83,5.57,5.23,4.79,4.86,5.14,4.52,6.1,5.3,5.39,5.07,5.03,4.69,4.73,4.26,6.19,5.45,5.97,5.92
S388186,UG,Freshman,Yes,Female,5.75,5.2,5.82,4.96,4.78,3.67,6.07,5.54,5.81,4.04,4.88,4.5,5.33,4.42,4.74,4.29,6.29,6.2,5.03,4.54,5.88,5.02,6.12,5.38
S130325,UG,Freshman,Yes,Female,5.82,5.14,6.68,5.88,5.61,5.21,4.77,4.25,5.97,5.51,6.41,4.97,5.22,3.92,6.59,7.0,5.98,5.07,5.74,5.03,4.8,4.93,5.98,5.75
S245991,UG,Sophomore,Yes,Nonbinary/Other,5.33,3.32,5.26,5.2,5.43,5.11,5.82,5.61,6.72,5.95,6.14,5.81,4.46,3.83,6.93,6.03,6.25,6.11,5.31,4.9,5.07,3.99,5.7,4.95
S360094,UG,Freshman,Yes,Male,5.51,5.37,6.79,5.95,5.77,5.18,5.76,6.04,5.24,3.96,6.45,6.45,5.79,4.89,6.63,6.35,5.51,4.6,5.82,4.95,5.97,5.83,5.32,4.69
S805260,UG,Sophomore,Yes,Female,6.07,4.64,6.17,5.88,5.48,5.37,5.72,5.36,4.93,4.54,6.18,6.56,5.65,4.94,5.5,5.6,5.31,4.7,5.37,4.94,5.69,4.21,5.94,4.4
S936841,GRAD,Masters,Yes,Female,6.42,5.32,6.03,5.75,4.5,2.99,6.32,5.63,5.16,5.07,6.94,6.35,6.38,6.28,5.01,4.03,5.05,4.69,5.07,4.23,5.96,5.39,6.81,5.96
S601249,UG,Junior,Yes,Female,5.62,4.78,5.84,5.55,5.47,5.05,5.9,5.87,4.9,4.07,6.04,5.62,5.92,6.34,5.06,4.9,5.92,5.02,4.99,3.69,6.71,6.63,6.31,6.53
S418365,UG,Senior,Yes,Male,5.43,3.85,5.55,5.38,5.52,4.4,6.59,5.88,6.5,6.7,5.61,5.62,6.5,5.59,4.69,4.16,5.08,4.51,6.64,6.3,6.14,6.01,6.02,5.95
S741776,UG,Senior,No,Male,5.7,4.61,6.42,4.46,6.08,5.08,5.1,3.25,6.63,5.87,5.91,4.41,5.28,4.29,5.64,4.0,6.81,6.45,6.23,5.4,6.46,5.38,6.32,5.39
S153060,UG,Sophomore,Yes,Female,6.06,5.17,5.78,4.42,5.28,5.07,5.78,4.57,5.89,5.07,6.45,5.41,6.38,5.99,6.66,6.67,4.92,2.81,6.74,5.81,5.76,5.25,5.48,5.24
S281762,GRAD,Masters,No,Female,4.83,4.06,4.52,2.76,6.71,5.91,5.75,4.13,6.43,5.77,5.23,4.45,5.38,5.39,5.62,5.58,5.86,5.31,6.02,5.44,5.22,4.46,5.4,6.08
S989362,GRAD,Masters,Yes,Male,4.32,3.11,5.03,5.04,4.55,3.56,5.06,4.26,5.78,5.95,5.31,4.03,6.17,5.25,5.88,5.15,6.64,7.0,5.44,4.61,5.67,4.26,5.25,3.98
S656318,UG,Sophomore,Yes,Male,5.37,4.12,5.59,4.85,6.49,5.88,6.27,4.99,5.64,4.15,5.51,4.48,4.82,4.26,6.53,5.25,6.06,5.78,6.49,5.52,5.22,4.87,5.62,4.56
S388177,UG,Sophomore,No,Female,4.97,4.38,5.89,5.63,5.57,4.07,7.0,6.46,5.5,4.55,4.44,3.95,5.84,4.66,5.46,5.34,5.81,5.54,5.68,4.24,6.63,5.7,5.45,4.29
S020744,UG,Junior,No,Male,5.4,5.15,5.67,5.11,6.22,4.8,5.69,5.11,5.51,3.9,5.78,5.4,4.51,2.68,6.92,5.82,5.12,3.81,5.83,5.24,6.17,4.56,6.42,5.83
S870760,UG,Senior,No,Male,5.61,4.81,6.43,5.99,5.75,4.39,6.0,6.47,4.77,4.0,4.57,3.26,5.54,5.71,6.9,5.7,4.87,3.81,5.67,5.25,6.01,4.98,5.41,4.3
S590931,UG,Junior,Yes,Female,5.43,5.13,4.53,3.21,6.38,5.91,5.75,4.46,5.86,5.6,5.73,4.83,5.96,5.61,5.62,5.95,6.16,5.26,3.93,3.39,6.44,6.54,5.22,4.87
S842235,UG,Freshman,Yes,Male,6.57,5.9,5.79,5.28,5.47,5.31,5.27,3.8,5.68,4.84,6.22,5.43,5.39,4.79,5.35,4.25,6.6,6.09,6.66,6.45,4.49,3.54,6.87,6.06
S960037,UG,Junior,No,Female,5.9,4.38,4.61,3.18,5.04,4.45,4.61,3.98,6.15,5.36,5.41,4.94,5.07,3.44,6.12,4.78,5.44,4.68,5.99,4.81,6.05,5.73,5.43,4.99
S294681,UG,Junior,Yes,Male,5.88,5.41,6.16,5.15,6.55,5.75,5.28,4.7,5.76,5.64,6.71,5.7,6.21,6.33,5.49,4.95,5.02,4.5,5.9,5.78,4.91,3.51,5.79,4.33
S523242,UG,Junior,Yes,Male,6.07,5.39,5.64,3.79,5.63,4.66,4.86,4.54,5.6,4.17,4.82,4.5,5.64,3.97,5.01,3.68,4.23,3.57,5.66,3.8,5.7,5.41,5.97,6.06
S677007,UG,Junior,Yes,Male,5.02,4.29,5.95,5.99,5.83,6.22,6.72,5.83,5.18,4.79,6.41,5.77,5.41,4.64,6.47,5.2,5.11,3.99,5.8,4.45,5.51,3.33,5.02,3.7
S127772,UG,Senior,Yes,Male,6.32,5.2,5.18,3.85,6.44,5.74,5.63,4.37,5.74,5.96,6.11,4.68,5.73,5.07,6.43,5.68,5.63,4.76,5.34,4.64,6.1,4.66,6.44,5.72
S760528,UG,Freshman,No,Female,5.65,5.88,6.47,4.99,5.08,4.1,5.49,5.46,6.14,4.58,4.67,4.1,7.0,6.2,5.79,5.12,6.66,5.51,6.07,4.74,5.84,5.34,6.08,5.43
S561818,UG,Senior,Yes,Male,6.1,5.71,6.33,6.11,6.06,5.5,6.23,5.33,5.01,4.57,7.0,7.0,6.39,5.91,4.94,4.73,6.1,5.15,4.92,5.03,6.51,5.8,6.64,5.85
S584732,GRAD,Doctoral,Yes,Male,5.06,4.35,6.05,4.95,5.35,4.1,5.03,4.57,5.75,5.46,5.66,5.59,6.4,5.27,4.96,4.38,5.88,4.84,5.81,3.95,5.34,4.36,5.29,4.33
S690230,UG,Junior,Yes,Female,4.77,3.47,5.62,4.75,5.62,4.71,5.24,4.48,5.84,6.02,5.17,3.98,5.96,5.8,5.76,4.78,5.46,4.62,6.04,5.63,6.13,5.03,5.76,4.38
S151974,UG,Sophomore,Yes,Male,6.19,5.74,6.05,5.46,5.74,4.39,5.74,4.81,5.27,3.7,4.86,4.03,5.8,4.93,5.4,4.86,5.35,4.47,5.58,4.94,5.8,4.88,5.72,4.87
S463610,UG,Sophomore,Yes,Male,5.93,6.16,5.28,4.99,4.8,4.21,6.32,5.71,5.35,5.29,5.57,4.93,4.26,3.75,5.5,5.89,6.54,5.25,5.92,6.15,4.72,3.39,5.86,5.6
S705652,UG,Senior,Yes,Female,5.16,4.15,6.21,5.87,5.23,4.06,6.0,5.35,5.84,5.11,5.62,5.18,5.29,4.97,6.31,4.98,5.82,5.45,5.11,4.16,5.15,4.51,4.83,4.1
S190932,UG,Senior,Yes,Male,5.18,4.8,6.69,4.96,6.51,4.99,5.85,5.26,5.02,3.86,5.76,4.82,5.41,3.42,6.14,5.34,4.44,4.17,5.12,4.97,5.61,5.09,5.77,4.16
S024848,UG,Junior,No,Male,6.38,6.07,6.34,5.44,6.23,4.68,5.75,4.36,5.91,4.8,5.52,5.05,4.58,3.47,6.53,5.82,5.3,4.99,5.84,4.89,6.37,5.64,4.84,3.27
S734453,GRAD,Masters,Yes,Female,4.99,4.7,5.26,4.27,5.66,5.61,5.94,5.13,5.16,4.59,6.08,5.33,5.01,4.1,5.11,4.08,5.19,4.49,6.11,5.78,5.98,4.95,5.92,4.86
S205541,UG,Junior,Yes,Nonbinary/Other,6.69,6.08,5.92,5.61,5.85,5.27,5.82,5.01,6.34,6.49,5.47,5.13,4.51,3.24,5.49,4.03,5.37,5.6,4.58,4.41,5.0,4.12,4.42,3.32
S756214,UG,Sophomore,No,Female,5.16,4.56,4.92,4.41,5.52,4.8,5.08,4.82,7.0,6.5,4.54,4.09,5.68,5.49,6.16,6.66,6.04,4.91,6.01,5.52,5.62,4.57,4.59,3.34
S775640,UG,Sophomore,No,Female,6.08,6.29,6.04,4.6,6.51,5.37,5.73,5.02,5.18,4.19,5.61,5.03,6.19,4.42,5.97,4.85,5.64,4.79,5.37,4.36,6.91,5.61,6.19,4.71
S440835,UG,Freshman,Yes,Female,5.5,4.35,5.97,5.95,5.58,4.54,5.06,3.91,6.02,5.71,4.28,3.77,6.36,6.92,6.62,6.63,5.65,4.39,5.58,5.53,5.77,6.09,5.37,4.9
S983675,UG,Sophomore,Yes,Male,6.06,4.72,4.58,4.09,5.84,5.56,5.75,5.03,5.26,4.46,5.91,5.24,5.95,5.63,5.95,5.0,6.49,6.12,4.9,4.57,5.5,4.65,5.11,5.08
S361203,GRAD,Masters,Yes,Male,5.37,4.45,5.0,4.39,6.39,5.75,5.41,4.48,6.32,5.38,5.11,4.39,5.12,4.75,6.81,6.14,5.28,4.78,5.19,4.26,6.0,5.29,6.46,5.83
S809380,UG,Sophomore,No,Female,5.6,5.27,5.53,4.57,5.23,5.34,7.0,5.22,4.94,3.56,5.8,6.74,4.54,3.35,6.02,4.81,6.82,5.36,6.28,4.08,6.16,4.42,5.9,5.41
S420534,GRAD,Masters,No,Female,5.72,5.03,5.52,4.81,6.64,5.11,5.68,4.36,5.99,5.8,6.49,6.09,4.65,3.74,6.34,5.79,5.3,3.81,5.72,4.68,5.43,5.39,6.22,5.95
S923755,GRAD,Doctoral,No,Male,5.1,4.3,4.97,3.98,4.78,4.24,4.86,4.01,5.18,3.28,5.13,4.53,4.94,4.22,5.51,5.64,5.75,5.29,5.47,5.13,6.0,4.42,5.6,5.16
S640969,UG,Freshman,Yes,Female,6.14,5.15,5.93,4.89,6.68,5.95,5.62,5.17,5.58,4.49,6.34,4.88,5.17,4.47,5.71,5.23,5.53,4.74,5.63,5.11,5.5,4.76,7.0,5.06
S420064,UG,Sophomore,No,Male,5.39,4.16,5.85,4.58,5.48,4.73,6.01,6.39,5.08,4.18,5.44,5.08,5.6,5.19,6.25,5.14,5.77,4.73,5.99,5.08,6.13,4.99,5.34,4.37
S207510,UG,Junior,Yes,Male,5.56,5.23,5.58,5.38,5.55,4.28,6.7,6.09,6.19,4.95,6.75,5.97,5.09,5.14,6.67,5.46,5.97,5.08,5.96,5.44,5.8,4.26,6.75,5.87
S908081,UG,Junior,Yes,Female,5.1,4.36,5.25,4.69,4.57,5.28,5.35,4.81,5.2,3.32,5.48,4.03,5.9,4.84,6.14,6.02,5.96,5.39,5.65,4.5,5.99,5.01,5.66,5.57
S453954,UG,Senior,Yes,Male,4.16,3.23,6.33,5.03,5.43,4.74,4.75,3.86,6.03,6.05,5.2,5.15,5.56,4.51,5.65,4.44,5.25,3.91,6.36,5.55,5.24,4.34,4.71,4.93
S931412,UG,Sophomore,No,Female,5.59,3.96,6.69,5.35,5.08,4.23,6.19,5.37,5.49,4.71,6.11,5.02,5.71,4.01,6.53,5.95,5.03,5.07,6.28,4.93,5.21,4.19,5.99,5.5
S599420,UG,Junior,Yes,Nonbinary/Other,7.0,5.95,5.41,5.4,5.34,4.86,4.87,4.33,5.63,6.12,5.44,5.14,6.38,6.08,4.38,3.5,7.0,6.51,5.95,5.41,6.27,5.81,5.89,4.47
S373713,UG,Freshman,No,Male,6.17,4.88,5.33,4.26,5.62,3.85,5.44,5.43,5.79,4.79,5.2,4.55,4.99,3.75,4.85,4.2,5.41,4.29,5.73,4.17,5.65,4.77,5.07,4.0
S007342,GRAD,Masters,Yes,Male,5.69,5.05,5.99,6.38,6.27,6.12,5.55,5.42,5.24,4.46,5.41,5.21,5.95,5.49,6.11,5.42,6.12,5.29,6.09,5.58,5.87,5.63,5.15,4.25
S363502,UG,Freshman,Yes,Female,5.54,4.14,5.49,4.76,5.82,4.74,5.66,4.72,5.83,5.15,5.67,5.34,5.69,4.4,5.71,4.56,4.74,3.36,5.89,5.67,5.52,4.84,5.69,4.62
S254335,GRAD,Masters,Yes,Male,5.71,4.91,5.62,4.07,5.88,5.11,6.11,4.66,6.62,6.35,6.51,4.54,5.5,4.39,6.06,6.08,5.53,4.33,6.34,4.65,6.24,6.81,5.91,5.61
S312026,UG,Sophomore,Yes,Female,6.03,5.76,6.14,5.92,5.04,3.71,5.29,4.64,5.23,5.56,4.54,3.42,6.23,5.43,5.74,5.38,5.62,5.07,6.24,6.45,5.34,4.42,4.22,2.82
S052797,UG,Sophomore,No,Female,4.99,3.39,4.55,4.07,5.17,4.61,5.54,4.47,6.4,5.32,5.71,4.26,6.23,5.5,6.04,5.05,5.98,4.43,5.09,4.56,5.62,4.78,6.33,5.75
S618616,UG,Senior,Yes,Female,6.37,5.32,6.49,5.41,6.78,6.45,5.69,4.52,6.6,5.17,6.07,5.13,5.13,3.95,5.21,3.31,4.07,3.72,5.05,4.66,6.17,5.64,5.4,4.0
S226782,UG,Junior,No,Male,6.13,5.45,5.74,5.62,5.26,3.81,5.79,5.3,5.21,4.61,5.82,5.72,5.59,4.37,6.04,5.57,5.8,4.43,5.28,3.13,6.4,5.39,4.9,3.78
S173159,GRAD,Masters,No,Male,6.13,5.57,5.45,4.97,6.69,5.68,5.76,4.78,4.83,3.81,6.49,5.49,5.87,5.41,6.3,4.48,5.01,3.3,6.29,4.58,5.39,5.3,6.26,6.36
S077626,GRAD,Masters,No,Male,5.96,5.01,5.65,4.55,5.55,5.53,5.96,5.53,5.88,5.87,5.66,4.32,5.54,5.4,6.43,4.63,5.89,4.49,4.75,3.21,6.88,5.11,5.69,5.26
S874144,GRAD,Masters,Yes,Male,5.71,4.88,5.68,5.39,5.7,5.37,6.21,5.17,5.37,4.54,5.59,5.42,6.05,5.6,6.91,6.36,5.08,4.43,5.94,5.5,5.89,5.34,6.43,6.72
S513575,UG,Freshman,Yes,Female,6.1,5.31,4.66,4.08,6.34,5.45,5.94,5.16,6.82,6.32,6.06,4.87,5.87,4.41,5.85,5.3,5.19,4.65,5.92,4.0,5.07,4.45,5.96,4.68
S057800,UG,Senior,Yes,Male,6.06,5.2,6.6,5.52,6.46,5.34,5.97,5.12,5.72,5.4,5.76,4.71,6.8,5.53,5.86,5.51,5.54,5.6,6.4,5.51,5.92,5.7,5.7,5.01
S995360,GRAD,Masters,No,Female,5.49,3.84,5.72,4.71,5.63,5.17,4.75,4.34,5.22,4.8,5.47,3.74,4.78,4.54,4.79,4.02,5.07,4.11,5.81,4.52,5.47,4.66,5.61,5.92
S829283,GRAD,Masters,No,Male,5.36,4.02,5.97,5.03,5.47,6.12,5.73,4.58,5.01,4.41,6.01,5.42,5.63,5.41,5.38,5.28,5.41,5.17,4.89,4.0,5.96,4.47,5.99,5.0
S626523,GRAD,Doctoral,Yes,Male,5.76,5.07,6.27,5.84,5.67,4.8,5.99,4.35,6.35,5.56,5.31,5.26,5.15,3.92,5.58,5.02,4.98,4.78,5.12,4.55,5.67,4.56,5.45,5.12
S249212,UG,Sophomore,No,Male,6.63,5.26,5.09,4.0,5.9,5.61,6.14,5.74,5.36,5.11,5.33,4.61,6.06,5.73,6.33,4.68,4.6,4.3,4.99,4.22,5.74,4.42,5.19,5.03
S664559,UG,Senior,Yes,Male,4.96,4.77,5.98,5.35,6.23,6.54,5.28,4.75,5.73,5.22,5.38,3.97,4.73,3.78,5.33,4.94,6.31,5.84,5.38,4.78,5.15,4.18,6.07,4.53
S489898,GRAD,Masters,Yes,Female,4.82,4.02,5.54,4.71,5.7,6.52,5.3,4.59,6.27,5.69,6.51,6.83,5.91,5.62,6.18,5.7,4.92,4.34,5.59,4.69,6.29,5.87,5.61,4.96
S259292,UG,Freshman,Yes,Female,5.8,4.19,6.21,5.76,6.07,4.96,5.36,4.26,5.41,5.26,3.77,4.1,5.32,3.81,5.7,5.85,5.59,4.76,5.0,4.12,5.01,5.03,5.72,5.17
S865277,GRAD,Doctoral,No,Male,5.73,5.04,4.42,3.71,6.68,5.82,6.02,5.5,5.67,3.97,5.94,5.09,5.26,4.84,5.59,4.61,6.15,5.65,6.58,5.8,5.03,4.34,6.35,5.75
S725015,GRAD,Doctoral,Yes,Female,5.8,5.63,5.64,5.54,5.93,5.44,6.32,7.0,5.69,5.52,5.72,5.34,4.83,3.66,5.85,5.12,5.33,4.2,4.9,3.55,5.92,5.44,5.63,5.79
S863390,UG,Junior,No,Female,5.85,5.27,5.34,4.46,5.89,4.29,5.46,3.88,6.11,5.54,4.69,3.79,5.42,4.43,5.47,4.53,5.2,4.41,6.51,7.0,6.66,5.24,5.71,5.46
S800649,GRAD,Doctoral,No,Female,5.57,5.31,5.96,5.56,4.79,3.67,6.24,5.06,6.05,5.74,5.89,4.61,6.35,5.42,5.44,4.75,5.84,5.43,6.41,5.36,5.49,4.53,5.34,3.9
S769545,GRAD,Doctoral,No,Male,6.59,6.19,5.98,5.74,4.12,2.51,5.77,5.85,5.57,3.87,5.99,5.46,5.68,5.87,4.68,4.02,6.37,5.46,6.24,5.08,6.12,4.51,5.96,5.4
S555782,UG,Junior,Yes,Female,4.74,4.22,5.28,4.45,5.93,5.93,5.63,5.23,5.74,4.76,6.05,6.29,6.08,6.48,5.55,4.6,5.0,3.32,5.28,4.01,6.34,5.05,5.91,5.2
S369020,GRAD,Doctoral,Yes,Female,5.2,5.31,5.27,4.57,5.64,5.06,5.57,4.19,5.48,5.35,4.11,2.49,6.7,6.21,5.41,4.83,5.61,4.84,5.91,5.34,6.19,5.82,6.24,6.66
S420495,UG,Freshman,Yes,Male,5.64,4.93,5.63,4.54,5.39,5.5,6.15,4.72,4.81,3.56,6.52,6.32,5.86,5.03,5.39,4.53,4.66,4.14,4.93,4.13,5.51,5.71,5.35,5.31
S760194,GRAD,Masters,Yes,Male,4.71,3.66,5.16,4.78,5.85,5.36,5.9,4.83,5.85,5.15,5.26,5.19,5.36,5.33,5.95,5.24,5.46,5.63,6.25,5.15,5.05,3.75,5.43,4.52
S961793,UG,Sophomore,Yes,Female,5.59,5.35,6.21,5.3,5.66,5.09,7.0,6.39,6.84,6.01,6.11,4.86,5.98,5.82,6.1,4.83,5.72,5.13,5.66,4.21,4.38,3.0,6.18,5.29
S908150,GRAD,Doctoral,No,Female,6.7,5.14,5.48,4.4,6.38,5.26,5.19,4.35,5.17,4.54,6.14,5.54,5.37,4.29,5.84,4.7,5.19,4.27,5.45,4.8,5.54,5.43,5.85,4.17
S300611,UG,Sophomore,Yes,Female,5.71,4.76,3.96,3.03,5.75,5.03,6.01,5.38,5.24,4.91,5.17,4.51,5.4,4.42,6.3,5.5,5.43,4.92,4.97,4.13,6.41,4.95,5.16,3.78
S910262,UG,Freshman,Yes,Female,5.84,4.62,5.48,5.19,5.25,4.24,5.38,4.12,5.18,4.31,6.1,5.15,4.79,4.16,6.05,4.59,4.86,4.99,4.21,2.67,5.03,4.13,6.48,5.9
S452260,GRAD,Doctoral,Yes,Female,4.94,4.67,5.08,4.4,6.29,5.34,5.18,5.02,6.13,5.81,5.47,4.33,6.26,5.27,5.52,4.71,5.75,5.57,5.08,5.54,6.12,5.44,4.68,3.84
S103533,UG,Sophomore,Yes,Male,5.33,4.2,4.72,3.84,5.57,3.79,5.69,5.4,5.97,4.36,4.46,3.92,5.47,5.36,5.42,4.07,6.33,4.91,6.37,6.01,5.13,3.62,6.17,5.63
S726082,UG,Senior,Yes,Male,5.47,5.32,4.96,4.25,6.02,5.47,5.78,4.58,5.6,5.54,6.4,4.94,5.81,5.29,5.89,4.88,5.04,3.62,5.46,4.03,5.76,4.39,4.94,3.21
S543598,GRAD,Masters,Yes,Male,5.51,4.46,5.77,6.21,5.41,5.28,7.0,6.42,5.15,3.78,5.23,5.7,5.08,3.65,6.04,6.37,5.33,5.17,5.6,4.45,6.12,5.2,6.83,5.66
S464384,GRAD,Masters,No,Female,6.47,5.58,6.5,5.62,5.31,4.39,5.59,4.1,5.76,5.01,5.19,4.01,5.96,5.13,6.54,5.09,6.0,4.87,6.09,5.03,5.3,4.27,4.77,3.89
S595831,UG,Senior,Yes,Male,6.03,5.06,5.89,4.08,5.75,5.45,5.02,4.66,4.76,3.91,5.46,5.18,5.24,4.48,6.41,5.65,6.43,6.32,6.78,6.31,5.8,4.79,6.39,5.59
S356060,UG,Sophomore,No,Female,5.03,4.72,5.34,4.62,5.71,4.07,5.86,4.99,5.79,4.47,5.86,4.28,5.61,3.56,5.38,4.5,4.8,3.2,6.5,6.04,5.45,4.75,5.65,4.03
S323923,UG,Senior,No,Nonbinary/Other,5.85,5.4,5.97,5.44,5.99,5.23,4.46,4.02,6.22,5.64,5.67,4.69,6.23,6.03,5.64,4.6,5.6,4.58,5.12,4.51,6.12,5.25,5.48,4.29
S950217,UG,Freshman,Yes,Male,6.0,5.0,5.42,4.54,5.54,5.12,5.64,4.94,4.95,3.82,6.03,5.67,6.17,5.08,6.1,5.58,5.87,4.7,4.53,3.06,5.84,5.59,5.81,4.33
S480308,UG,Junior,No,Female,6.38,5.96,5.28,4.23,4.6,3.93,5.71,5.55,4.78,5.23,4.9,3.66,5.69,3.95,6.34,5.33,5.64,5.6,7.0,6.41,5.73,5.0,6.08,6.28
S539618,UG,Freshman,Yes,Male,6.65,5.72,5.01,3.71,5.44,4.38,6.18,5.72,6.65,6.31,5.25,4.11,4.64,4.1,6.26,5.86,4.21,3.18,7.0,6.25,6.64,6.12,5.16,4.23
S332727,GRAD,Masters,No,Female,5.09,4.97,4.65,4.48,6.18,5.46,6.28,6.2,5.33,4.99,5.63,4.51,7.0,5.77,5.66,4.22,6.0,5.2,5.81,5.39,6.1,5.62,5.21,4.67
S297509,GRAD,Masters,Yes,Male,5.21,4.19,5.47,4.5,5.52,5.24,5.4,4.45,6.38,6.41,6.84,6.75,6.75,6.64,4.95,4.4,6.61,5.59,4.94,3.92,5.29,4.62,6.09,4.61
S418101,GRAD,Doctoral,No,Female,4.95,4.76,5.79,4.7,5.55,3.92,5.61,4.45,5.61,4.92,5.63,5.07,6.13,5.68,5.1,4.49,5.77,4.51,6.28,5.75,5.65,5.01,4.68,3.1
S816596,UG,Junior,No,Female,5.56,4.38,5.64,4.81,6.29,5.82,5.24,5.21,5.6,4.51,6.35,5.45,5.25,4.16,5.86,5.43,5.08,4.15,5.64,4.78,5.65,4.5,5.35,4.43
S309972,UG,Junior,No,Male,5.98,4.77,5.45,4.38,5.27,4.36,5.02,3.46,5.96,4.71,5.72,4.84,5.63,4.33,5.91,4.87,5.39,4.79,5.63,5.57,5.75,5.66,7.0,5.33
S325470,UG,Senior,No,Female,6.29,5.74,5.13,3.72,4.77,3.55,5.89,3.74,5.17,4.15,5.41,4.13,5.37,3.91,5.04,4.05,6.76,5.47,6.24,6.14,7.0,6.16,5.12,3.33
S237791,UG,Sophomore,Yes,Male,5.65,4.66,6.06,4.93,5.6,5.72,4.94,4.21,5.78,5.41,5.55,5.86,6.46,4.97,5.73,4.83,6.25,5.58,5.9,5.2,5.92,5.16,6.39,5.65
S986509,UG,Junior,Yes,Female,5.51,4.68,4.91,4.78,5.41,4.47,5.45,5.07,5.47,4.59,5.6,4.73,5.86,5.19,6.08,5.89,6.08,5.82,4.99,4.95,4.48,3.93,5.35,3.41
S256842,GRAD,Masters,Yes,Male,5.79,5.46,6.17,5.16,5.12,5.05,5.1,3.09,4.91,4.25,6.06,5.61,5.23,4.03,5.01,5.21,5.91,5.77,5.51,3.85,5.37,4.86,6.01,5.42
S290651,UG,Sophomore,Yes,Male,5.2,5.0,5.1,4.43,5.59,4.48,6.03,5.99,5.9,4.73,6.52,6.24,5.42,4.89,6.36,5.35,5.3,5.34,6.1,6.43,4.54,4.63,6.09,5.5
S363174,UG,Junior,No,Female,6.95,7.0,5.25,4.31,5.99,5.58,6.78,5.87,5.54,4.25,5.92,5.39,6.37,5.02,5.47,3.83,5.58,4.93,6.01,5.51,5.5,4.42,6.38,5.04
S852206,UG,Freshman,Yes,Female,4.74,3.86,4.82,4.08,5.69,4.65,4.92,4.13,5.61,4.89,6.41,5.82,6.66,5.86,6.45,6.27,5.65,4.4,5.86,5.15,4.51,3.48,5.58,5.06
S893700,GRAD,Masters,No,Female,5.81,5.79,5.4,4.67,5.88,4.53,4.59,3.12,4.97,4.62,5.12,6.12,6.62,5.59,5.38,3.79,6.03,5.14,6.26,5.64,5.18,4.13,6.89,6.05
S885016,UG,Sophomore,Yes,Female,6.91,6.17,6.29,4.99,6.79,5.66,5.63,4.75,6.65,6.28,5.45,5.1,6.15,5.24,5.08,4.24,6.61,6.17,5.48,5.34,4.79,3.57,5.35,3.94
S974883,UG,Senior,No,Female,5.7,4.94,6.01,5.15,5.49,4.47,5.71,5.06,6.23,5.6,5.27,4.8,5.55,5.45,5.43,4.53,6.37,5.07,5.81,5.39,5.93,4.93,5.84,4.93
S276573,UG,Senior,Yes,Male,5.59,4.55,6.29,6.15,5.87,5.28,5.83,5.61,6.28,5.74,5.89,4.92,3.76,3.62,5.64,5.14,4.85,4.56,3.67,3.47,5.7,4.76,5.85,5.99
S805747,GRAD,Doctoral,No,Male,5.49,4.84,6.01,5.41,5.39,4.88,5.43,4.8,5.52,4.58,5.48,5.09,5.88,5.03,5.47,5.36,5.83,4.99,5.43,4.77,5.88,5.0,5.03,4.04
S653026,UG,Sophomore,No,Male,5.59,4.86,5.04,4.05,5.19,3.56,5.58,5.18,4.66,3.4,6.14,5.35,5.7,5.64,5.57,4.18,6.14,5.33,6.16,4.28,5.64,4.39,5.53,4.98
S495186,GRAD,Masters,Yes,Male,6.52,5.56,5.5,4.29,5.35,5.1,5.92,5.3,6.87,6.3,5.14,3.77,5.78,4.77,5.9,5.69,6.07,5.08,5.47,4.83,4.86,5.05,5.8,4.76
S316112,GRAD,Masters,Yes,Male,4.37,3.61,5.23,4.33,5.41,5.33,6.32,6.01,5.66,5.06,5.73,4.63,5.73,4.7,5.6,5.39,5.32,5.51,5.42,4.23,6.01,5.85,5.44,4.49
S259497,UG,Junior,No,Male,6.62,5.56,6.5,6.02,5.92,4.68,4.53,4.37,5.25,4.28,6.11,4.76,4.9,3.84,5.66,4.26,7.0,6.53,5.08,3.92,6.85,5.16,7.0,5.36
S551585,UG,Freshman,Yes,Female,4.85,3.91,4.98,3.04,7.0,6.7,5.48,4.15,5.95,5.51,4.46,4.01,6.03,5.9,4.67,4.92,4.93,5.05,6.3,5.05,5.95,6.48,5.2,4.04
S813650,GRAD,Masters,Yes,Male,5.54,5.71,6.24,5.5,5.27,5.15,5.83,5.48,6.4,6.26,6.97,6.1,6.08,4.79,5.94,6.1,5.05,4.58,6.03,6.83,5.44,4.91,6.41,5.26
S781851,UG,Senior,Yes,Male,5.44,4.36,6.24,4.9,5.45,5.47,5.15,5.08,5.69,5.86,5.53,4.95,6.11,4.39,5.65,4.96,5.84,4.53,6.2,5.65,4.84,3.56,6.21,5.85
S314522,UG,Junior,Yes,Male,6.05,5.05,6.8,6.17,5.66,5.2,6.74,6.12,6.47,6.11,4.48,3.88,6.27,5.49,6.67,5.82,6.97,6.52,4.66,3.31,5.16,4.5,5.69,4.59
S791977,GRAD,Masters,Yes,Female,4.74,4.65,5.45,4.59,5.94,5.38,5.32,4.68,6.35,5.51,5.79,4.99,6.06,5.21,5.14,4.29,5.2,4.85,5.6,5.29,5.97,5.57,5.18,3.6
S035321,GRAD,Doctoral,Yes,Female,5.98,5.5,6.13,5.11,5.86,5.14,5.68,5.95,5.05,4.81,5.72,5.42,5.45,4.75,4.62,4.17,5.54,4.5,5.53,4.05,6.34,5.68,5.24,4.98
S180488,GRAD,Doctoral,Yes,Female,6.91,6.33,7.0,5.79,6.47,5.39,6.03,5.27,5.3,4.81,5.65,4.3,5.66,4.79,6.07,4.21,6.35,5.21,5.53,4.19,5.86,5.43,5.39,3.89
S503793,GRAD,Doctoral,Yes,Male,4.88,4.35,5.33,4.2,4.24,3.38,5.35,5.27,6.27,5.44,6.29,5.77,5.75,5.21,5.91,5.42,5.69,5.13,5.33,4.96,6.18,5.56,4.63,4.3
S579331,UG,Sophomore,No,Male,5.81,4.75,4.78,3.44,4.27,3.46,4.59,2.84,4.07,2.91,6.15,4.94,5.76,4.88,5.09,4.31,5.5,4.26,5.49,4.84,6.12,5.57,5.1,4.62
S525806,UG,Senior,Yes,Female,5.3,3.89,4.57,4.03,5.4,4.8,5.44,4.48,5.61,5.45,5.88,4.45,6.3,5.15,4.78,4.48,6.04,5.88,6.21,6.02,6.0,4.75,4.81,3.96
S987876,GRAD,Doctoral,No,Nonbinary/Other,5.96,4.61,6.13,5.61,6.36,5.3,6.32,5.72,4.84,3.54,5.97,4.65,6.09,4.11,6.62,5.76,5.86,4.37,4.55,4.07,5.3,3.79,6.51,5.35
S080233,UG,Freshman,Yes,Female,5.71,5.67,4.57,3.7,4.76,3.42,5.5,5.17,5.41,4.15,5.64,5.64,6.95,6.95,6.55,5.54,6.32,4.54,6.77,6.68,5.8,5.17,6.07,4.92
S880324,UG,Senior,Yes,Female,5.32,4.3,5.48,4.31,3.9,3.13,5.19,4.54,5.52,5.39,6.77,5.84,7.0,6.35,4.21,2.91,6.47,5.51,5.99,5.08,5.19,5.18,6.17,5.95
S752197,GRAD,Masters,Yes,Female,5.99,4.73,5.96,5.47,6.04,5.68,6.26,5.35,5.49,5.3,4.81,3.79,5.75,5.74,5.43,5.57,5.88,6.33,5.67,5.8,5.71,5.37,6.05,5.24
S724203,UG,Freshman,Yes,Male,6.78,5.89,5.81,4.58,5.85,5.64,5.5,4.81,5.37,4.07,5.78,4.64,3.4,1.9,6.7,6.12,5.88,5.45,6.24,5.24,5.9,5.29,5.8,5.44
S505432,UG,Freshman,Yes,Male,5.59,4.34,5.96,4.53,5.05,5.07,5.39,4.8,5.04,4.42,5.74,5.6,6.44,6.04,5.41,4.49,5.83,4.82,4.83,3.81,6.71,5.75,6.58,6.62
S632794,UG,Sophomore,Yes,Female,6.13,4.43,5.83,5.59,5.11,4.08,5.79,5.06,7.0,7.0,6.19,5.82,5.38,5.4,5.41,4.41,5.99,5.5,5.3,5.43,4.91,4.72,5.33,5.1
S658760,UG,Senior,Yes,Male,4.92,3.71,6.47,6.19,5.12,4.13,6.16,5.76,6.82,6.82,5.19,4.0,5.22,4.2,5.53,4.83,5.73,4.4,5.63,4.15,5.99,5.67,5.76,5.44
S475180,UG,Sophomore,Yes,Female,5.13,4.3,5.13,4.5,5.77,4.78,7.0,6.47,5.0,4.43,4.65,4.33,5.46,3.89,5.03,4.06,5.7,4.71,6.52,5.56,6.59,5.63,6.15,5.19
S093180,UG,Junior,No,Male,5.98,4.56,5.29,4.24,5.32,4.49,6.2,6.34,6.65,6.33,5.79,5.04,5.43,4.2,4.68,4.18,6.42,5.87,5.67,4.4,6.16,4.79,4.91,3.43
S060577,UG,Freshman,Yes,Male,6.59,5.82,5.24,4.8,6.0,4.59,6.4,5.21,5.46,4.97,5.87,4.38,6.07,5.26,6.33,4.85,6.61,5.89,5.97,5.65,6.2,5.81,7.0,7.0
S502385,UG,Freshman,Yes,Male,5.91,5.2,6.2,4.82,3.99,3.53,5.4,4.55,5.78,5.06,6.59,5.92,4.76,3.86,4.59,3.4,4.8,4.54,5.35,4.34,6.05,6.02,5.72,4.84
S810478,GRAD,Masters,No,Female,5.51,4.89,6.24,5.23,5.19,3.91,5.08,4.67,5.66,4.13,4.94,4.5,5.05,3.55,5.85,5.72,5.71,5.0,5.99,4.63,6.48,4.04,5.79,5.57
S268865,UG,Junior,Yes,Male,5.7,4.22,5.97,5.25,5.02,4.34,5.74,4.09,5.3,4.75,6.39,6.13,5.91,5.64,6.23,6.07,5.29,4.86,6.71,6.06,5.05,3.96,6.45,5.44
S142023,GRAD,Masters,Yes,Male,4.95,4.76,6.41,6.53,5.55,5.25,5.76,5.12,6.29,5.15,7.0,6.23,6.07,5.53,4.83,4.75,5.51,4.33,6.3,4.7,4.87,4.4,6.25,5.96
S458527,UG,Sophomore,No,Female,6.06,4.4,4.99,4.75,5.38,4.18,5.05,4.67,5.78,4.16,5.47,5.24,6.08,5.41,5.15,3.91,5.94,3.98,5.65,4.73,5.7,4.36,5.72,5.35
S124394,UG,Sophomore,Yes,Male,6.23,5.28,6.7,5.86,6.18,5.27,5.59,4.47,5.41,4.0,4.93,4.35,5.23,5.11,6.43,6.37,6.1,6.12,6.11,4.83,4.4,3.77,5.78,4.68
S704533,GRAD,Masters,No,Female,5.43,5.33,6.61,6.88,4.58,3.61,5.94,4.94,4.92,3.97,5.46,4.49,5.11,4.48,6.02,5.39,5.63,5.79,6.05,5.1,6.44,5.2,4.8,4.29
S478932,UG,Senior,No,Male,5.42,4.33,6.14,4.74,5.73,4.79,5.92,4.82,5.16,5.25,5.71,4.16,5.4,3.94,5.33,4.2,4.55,3.77,6.0,4.81,6.43,5.45,5.37,4.62
S235895,GRAD,Masters,Yes,Female,5.86,6.31,6.77,6.25,6.04,5.45,6.0,5.62,4.72,3.88,6.04,5.1,5.84,4.96,6.42,5.85,5.12,5.28,6.37,6.6,5.44,4.79,6.01,6.52
S885686,UG,Freshman,Yes,Male,5.44,4.43,4.71,2.38,6.81,4.92,5.87,4.95,5.71,4.48,5.35,5.0,6.59,5.57,6.42,5.59,6.24,5.51,6.36,5.48,5.48,4.83,5.97,4.79
S378513,GRAD,Masters,Yes,Male,5.66,4.62,5.39,3.63,5.41,4.22,5.4,4.93,4.98,4.42,6.63,5.44,4.47,3.8,5.86,5.79,4.06,3.08,5.62,5.39,5.66,5.78,6.43,5.42
S965318,UG,Freshman,Yes,Female,6.96,6.56,5.26,4.65,5.89,4.83,5.39,4.41,5.54,3.97,5.03,4.48,5.57,4.61,5.16,4.16,6.41,4.97,6.09,5.81,5.73,4.06,5.63,4.92
S628198,GRAD,Doctoral,Yes,Female,5.55,4.89,6.13,5.59,4.62,3.96,4.98,5.33,6.52,5.49,4.66,4.67,4.9,4.7,5.45,5.16,6.01,5.31,5.47,4.0,5.78,5.65,4.87,5.03
S669191,UG,Senior,No,Female,5.48,3.61,5.07,3.67,4.26,2.86,6.77,6.09,6.42,5.24,6.36,5.55,4.71,3.96,5.87,5.13,6.49,5.69,5.15,4.35,6.03,5.81,6.33,4.83
S474671,GRAD,Masters,Yes,Female,5.31,4.96,6.15,4.7,6.21,5.35,5.71,4.25,5.68,4.54,4.34,3.02,6.28,5.58,5.59,4.87,5.58,5.97,5.54,5.44,5.6,5.1,6.56,6.29
S368783,UG,Junior,Yes,Female,6.15,5.98,6.52,6.64,5.7,4.98,5.57,5.25,5.65,4.78,5.58,4.79,6.03,5.19,6.26,5.51,4.46,3.75,5.65,5.13,6.27,6.05,6.24,5.77
S047061,UG,Senior,No,Male,5.59,3.95,6.12,6.11,6.41,5.66,5.14,4.54,6.83,7.0,7.0,6.09,5.97,4.91,4.78,3.87,5.96,5.02,4.7,4.45,5.97,5.09,5.6,3.55
S682462,GRAD,Doctoral,No,Female,5.31,3.53,5.87,5.38,4.88,4.12,7.0,6.42,6.01,5.46,5.69,4.07,6.25,5.52,4.8,4.38,6.46,5.35,6.22,4.7,5.34,4.19,6.33,5.88
S287833,UG,Senior,Yes,Female,6.49,5.79,5.11,4.12,6.01,6.9,5.06,4.96,5.5,4.2,5.03,5.04,5.41,4.9,5.81,5.26,6.25,5.91,4.04,3.69,6.5,5.3,7.0,5.93
S270068,UG,Junior,Yes,Male,6.55,5.35,5.19,4.24,6.82,6.02,5.44,5.85,4.84,4.55,5.67,5.61,5.44,3.16,5.41,4.7,5.3,4.82,7.0,6.04,4.89,3.78,5.77,4.79
S538883,UG,Freshman,Yes,Female,5.34,3.97,6.45,5.21,5.95,5.5,5.95,5.36,5.94,5.35,5.67,5.78,7.0,5.85,5.32,5.31,5.75,5.79,6.6,5.22,5.64,5.1,4.91,4.02
S645833,UG,Sophomore,Yes,Male,4.58,4.25,6.17,6.07,5.87,4.37,6.06,5.29,6.2,6.02,5.8,4.91,5.55,4.65,4.64,4.17,5.38,5.83,5.54,5.09,6.28,5.56,5.35,4.51
S229655,UG,Freshman,Yes,Male,6.3,5.85,5.68,6.13,5.71,5.0,6.27,5.6,5.32,3.73,6.1,5.31,6.14,5.56,5.71,4.82,5.21,5.06,5.71,4.74,5.27,4.36,6.08,5.19
S820160,UG,Junior,Yes,Male,5.29,3.97,5.45,4.32,4.76,4.65,6.78,6.16,5.87,4.33,5.08,3.61,5.7,5.23,5.67,5.61,6.27,6.36,5.88,5.7,5.89,6.06,4.74,3.9
S632322,GRAD,Masters,No,Male,6.17,4.53,4.48,4.1,6.51,5.74,6.0,5.18,5.48,5.12,6.71,5.79,4.59,3.86,6.09,4.71,4.98,4.01,5.35,3.32,6.03,4.94,5.8,5.03
S772688,UG,Junior,Yes,Male,4.52,3.54,5.06,5.37,5.33,5.16,5.07,3.85,5.59,4.82,5.85,5.35,4.47,3.63,5.74,4.41,5.16,4.72,5.82,4.65,5.18,5.21,5.93,4.47
S535619,UG,Freshman,Yes,Female,6.24,5.98,6.85,6.07,6.0,5.07,5.55,4.94,4.21,3.85,6.14,5.44,5.35,5.59,5.62,5.54,5.04,4.61,5.61,5.01,5.66,3.94,6.62,6.58
S939769,GRAD,Doctoral,Yes,Female,4.97,3.38,4.93,3.94,4.76,4.02,5.88,5.57,5.57,4.66,5.32,4.66,6.33,6.52,6.41,5.13,4.81,4.7,5.64,5.43,5.61,5.21,6.49,5.38
S039215,GRAD,Masters,Yes,Female,6.14,5.8,5.81,5.27,4.99,3.91,6.94,6.48,6.28,5.43,6.47,6.71,6.17,5.89,4.91,4.38,5.79,6.8,5.81,5.27,5.37,4.86,6.22,5.21
S801046,UG,Freshman,No,Male,5.71,4.98,6.3,5.63,6.56,6.06,4.86,3.67,5.32,4.02,5.55,3.29,6.25,5.24,6.02,4.91,6.4,4.74,4.91,4.18,7.0,6.48,4.4,3.15
S482111,UG,Junior,No,Female,5.13,4.06,4.95,4.13,5.49,4.57,6.42,4.82,5.73,4.67,5.87,4.71,5.11,4.33,4.7,4.05,5.59,5.19,5.72,3.85,5.24,4.66,6.25,4.79
S960980,UG,Junior,No,Male,5.46,3.78,5.81,5.1,6.57,6.35,5.81,5.22,5.25,2.88,5.14,4.14,6.67,5.03,5.2,3.84,4.8,4.1,5.8,5.51,6.3,4.27,6.12,5.27
S247177,UG,Sophomore,Yes,Nonbinary/Other,6.11,4.98,6.26,6.24,5.65,4.6,6.2,5.45,5.92,5.73,5.1,4.09,5.12,5.16,4.97,4.07,6.2,6.23,5.78,5.01,5.46,4.29,5.85,6.09
S577736,UG,Sophomore,Yes,Male,5.76,4.86,5.71,5.36,4.59,3.64,5.64,4.77,5.57,5.73,6.11,5.06,5.83,5.5,6.17,5.88,6.71,5.53,5.57,4.88,5.05,5.12,4.66,4.0
S492142,UG,Freshman,Yes,Male,6.05,5.12,7.0,6.04,6.24,5.29,5.19,4.99,5.14,4.63,5.43,4.8,5.69,4.23,5.66,5.54,5.31,4.54,6.38,5.74,5.76,4.31,5.23,5.03
S964808,UG,Senior,Yes,Female,6.89,6.16,4.7,3.84,5.35,4.65,6.15,5.44,6.5,6.58,5.19,4.8,5.6,4.83,5.69,5.72,5.41,5.13,5.49,4.84,6.09,4.79,5.0,4.67
S579639,UG,Senior,Yes,Male,4.76,3.78,6.34,5.55,6.12,5.21,6.09,6.13,6.26,6.3,5.31,4.31,6.5,5.36,5.04,4.24,6.01,5.51,5.84,5.19,6.25,5.69,4.49,4.41
S630801,GRAD,Doctoral,No,Male,6.67,7.0,5.6,5.29,5.72,4.11,6.28,6.37,5.34,5.04,6.12,5.13,5.28,3.45,5.52,4.43,6.67,5.03,6.48,5.24,6.64,5.68,5.7,5.14
S359713,GRAD,Masters,Yes,Female,5.76,5.31,6.16,5.65,4.77,4.32,5.69,4.91,6.0,5.86,5.32,5.13,4.89,4.64,5.24,4.32,5.39,4.82,5.65,4.75,7.0,6.41,5.22,4.92
